Component ID,Name,Category,Status,Description,Purpose,Inputs,Outputs,Templates,Slots,Rules
gated_linear,Gated Linear,blocks,approved,Fused gated linear layer,"blocks (parameterized, gating)","x:tensor[B,S,D]","y:tensor[B,S,D]",,,"forbidden_before: mean_last,max_last,sum_last,norm_last; forbidden_after: ternary_projection,mul; mode:GENERAL"
moe_2expert,2-Expert MoE,channel_mixing,approved,Lightweight 2-expert MoE with learned gating,"channel_mixing (moe, channel_mixing, sparse_compute)","x:tensor[B,S,D]","y:tensor[B,S,D]",,,"forbidden_before: rmsnorm,mean_last,sum_last,norm_last,layernorm,max_last; forbidden_after: output_head; requires_residual; mode:GENERAL"
moe_topk,Moe Topk,channel_mixing,approved,Mixture of Experts with top-k routing,"channel_mixing (moe, sparse_compute, channel_mixing)","x:tensor[B,S,D]","y:tensor[B,S,D]",,,"forbidden_before: rmsnorm,mean_last,sum_last,norm_last,layernorm,max_last; forbidden_after: output_head; requires_residual; mode:GENERAL"
rwkv_channel,Rwkv Channel,channel_mixing,approved,RWKV-style channel mixing (shift + multiply),"channel_mixing (linear_complexity, recurrent, channel_mixing)","x:tensor[B,S,D]","y:tensor[B,S,D]",,,
swiglu_mlp,Swiglu Mlp,channel_mixing,approved,SwiGLU MLP channel mixer (Gated Linear Unit with SiLU).,"channel_mixing (standard, channel_mixing)","x:tensor[B,S,D]","y:tensor[B,S,D]",,,"forbidden_before: semi_structured_2_4_linear,mean_last,sum_last,norm_last,max_last,nm_sparse_linear,block_sparse_linear; forbidden_after: linear_proj_down,nm_sparse_linear; mode:GENERAL"
loop,Loop Over Items,control_flow,approved,Iterates over a dataset or list and executes a subgraph.,"control_flow (control, loop)",items:list,item:record; results:list,,,
binary_file_reader,Binary File Reader,data_io,approved,Reads raw binary data and reshapes it into a tensor.,"data_io (data, io, source)",,data:tensor[*],,,
file_loader,File Loader,data_io,approved,"Loads data from CSV, JSON, NPY, PT, or TXT into a tensor-like output.","data_io (data, io, source)",,data:tensor[*],,,
file_writer,File Writer,data_io,approved,"Writes tensor data to disk in CSV, JSON, NPY, PT, or TXT format.","data_io (data, io, sink)",data:tensor[*],status:scalar,,,
hf_dataset_loader,Hugging Face Dataset,data_io,approved,Loads a dataset from Hugging Face Hub (streaming supported).,"data_io (io, dataset, hf)",,dataset:dataset,,,
random_data_source,Random Data Source,data_io,approved,Generates random tensor data for prototyping and testing.,"data_io (data, io, source)",,"data:tensor[B,S,D]",,,
synthetic_data_source,Synthetic Data Source,data_io,approved,"Generates structured synthetic tensor patterns (sine, sawtooth, impulse, checkerboard).","data_io (data, io, source)",,"data:tensor[B,S,D]",,,
dataset_filter,Filter Dataset,data_transform,approved,"Filters a dataset using a Python condition (e.g. ""len(x[\""text\""]) > 10"").","data_transform (data, filter)",dataset:dataset,filtered:dataset,,,
dataset_map,Map Dataset,data_transform,approved,Transforms a dataset using a Python function.,"data_transform (data, map)",dataset:dataset,mapped:dataset,,,
filter,Filter Tensor,data_transform,approved,"Filters tensors by rows, tokens, or features using a comparison rule.","data_transform (data, transform, filter)",data:tensor[*],filtered:tensor[*],,,
select_columns,Select Columns,data_transform,approved,Selects a subset of feature columns from row-like tensor data using schema-aware names or indices.,"data_transform (data, transform, projection)",data:tensor[*],selected:tensor[*],,,
split_train_val_test,Split Train/Val/Test,data_transform,approved,"Deterministically splits tabular/tensor rows into train, validation, and test subsets with optional stratification.","data_transform (data, transform, split, training)",data:tensor[*],train:tensor[*]; val:tensor[*]; test:tensor[*],,,
basis_expansion,Basis-expansion layer: project through sinusoidal bases,functional,approved,Basis-expansion layer: project through sinusoidal bases,"functional (functional, learnable)","x:tensor[B,S,D]","y:tensor[B,S,D]",,,
fixed_point_iter,Implicit fixed-point iteration: x = f(x) with learned f,functional,approved,Implicit fixed-point iteration: x = f(x) with learned f,"functional (functional, learnable, numerically_risky)","x:tensor[B,S,D]","y:tensor[B,S,D]",,,"forbidden_before: mean_last,max_last,sum_last,norm_last; forbidden_after: split2,split3; mode:GENERAL"
integral_kernel,Integral kernel mixing: learned kernel over sequence positions,functional,approved,Integral kernel mixing: learned kernel over sequence positions,"functional (functional, learnable)","x:tensor[B,S,D]","y:tensor[B,S,D]",,,"forbidden_before: mean_last,max_last,sum_last,norm_last; forbidden_after: split2,split3; mode:GENERAL"
route_lanes,Route Lanes,functional,approved,Multi-lane dispatch.,"functional (core, routing)","scores:tensor[B,S,L]","lane_indices:index[B,S]",,,
route_recursion,Route Recursion,functional,approved,Adaptive recursion depth.,"functional (core, recursion)","scores:tensor[B,S,Dp]","depth:index[B,S]",,,
route_topk,Route Top-k,functional,approved,Top-k token selection.,"functional (core, routing)","scores:tensor[B,S,K]","indices:index[B,S,k]; weights:tensor[B,S,k]",,,
token_merge,Token Merge,functional,approved,Similarity-based token merging.,"functional (core, structural)","x:tensor[B,S,D]","y:tensor[B,n_keep,D]; restore_map:index[B,S]",,,"forbidden_before: mean_last,sum_last,norm_last,max_last,split2,split3; forbidden_after: state_space,selective_scan,softmax_attention,diff_attention,rwkv_time_mixing,conv1d_seq,linear_attention,integral_kernel,transpose_sd,graph_attention,output_head,rwkv_channel,identity; requires_residual; mode:GENERAL"
csv_reader,CSV Reader,io,approved,Reads a CSV file into a tensor or dataset.,"io (io, data)",,"data:tensor[B,D]",,,
input,Input,io,approved,Model input (token embeddings),"io (io, source)",,"y:tensor[B,S,D]",,,
output,Graph output,io,approved,Graph output passthrough,io (io),"x:tensor[B,S,D]","y:tensor[B,S,D]",,,
output_head,Output Head,io,approved,Model output projection to vocabulary,"io (io, sink)","x:tensor[B,S,D]","logits:tensor[B,S,V]",,,
adaptive_rank_gate,Progressive Compression Gate,linear_algebra,approved,Learned per-layer compression schedule.,"linear_algebra (parameterized, learnable, compression, exotic)","x:tensor[B,S,D]","y:tensor[B,S,D]",,,"forbidden_before: semi_structured_2_4_linear,mean_last,sum_last,norm_last,max_last,nm_sparse_linear,block_sparse_linear; forbidden_after: rmsnorm,split2,split3; mode:GENERAL"
block_sparse_linear,Block-sparse linear projection with configurable block density,linear_algebra,approved,Block-sparse linear projection with configurable block density,"linear_algebra (parameterized, learnable)","x:tensor[B,S,D_in]","y:tensor[B,S,D_out]",,,forbidden_after: swiglu_mlp; mode:GENERAL
conv1d_seq,Depthwise 1D convolution (kernel=3) along seq dim,linear_algebra,approved,Depthwise 1D convolution (kernel=3) along seq dim,"linear_algebra (parameterized, learnable)","x:tensor[B,S,D]","y:tensor[B,S,D]",,,"forbidden_before: mean_last,max_last,sum_last,norm_last; forbidden_after: neg; mode:GENERAL"
dual_compression_blend,Compression Mixture Experts,linear_algebra,approved,Routing assigns tokens to method-specific compression experts.,"linear_algebra (parameterized, learnable, compression, moe, exotic)","x:tensor[B,S,D]; routing_signal:tensor[B,S,2]","y:tensor[B,S,D]",,,"forbidden_before: mean_last,max_last,sum_last,norm_last; forbidden_after: compute_budget_router,gated_lane_blend,adaptive_rank_gate,arch_router,learned_token_gate,confidence_token_gate,difficulty_blend_3way,hetero_moe,depth_gated_transform,depth_weighted_proj,output_head,signal_conditioned_compression,feature_sparsity,sparse_bottleneck_moe,relu_gated_moe; mode:GENERAL"
fused_linear_gelu,Fused Linear + Bias + GELU (Triton-accelerated),linear_algebra,approved,Fused Linear + Bias + GELU (Triton-accelerated),"linear_algebra (parameterized, learnable)","x:tensor[B,S,D_in]","y:tensor[B,S,D_out]",,,"forbidden_before: mean_last,max_last,sum_last,norm_last; forbidden_after: split2,split3; mode:GENERAL"
kronecker_linear,Kronecker-factored linear projection,linear_algebra,approved,"Linear projection via Kronecker product factorization: W = A ⊗ B where A,B are sqrt(D)×sqrt(D). Parameters: 2*D vs D² for standard linear.","linear_algebra (parameterized, learnable, vram_efficient)","x:tensor[B,S,D]","y:tensor[B,S,D]",,,"forbidden_before: mean_last,max_last,sum_last,norm_last; forbidden_after: output_head,split2,split3; mode:GENERAL"
latent_attention_compressor,Latent Attention Compressor,linear_algebra,approved,Multi-Head Latent Attention (MLA) style KV cache compression,"linear_algebra (kv_compression, attention, linear_algebra)","x:tensor[B,S,D]","y:tensor[B,S,D]",,,"forbidden_before: mean_last,max_last,sum_last,norm_last; forbidden_after: output_head,split2,split3; mode:GENERAL"
learnable_bias,Learnable per-dimension bias,linear_algebra,approved,Learnable per-dimension bias,"linear_algebra (parameterized, learnable)","x:tensor[B,S,D]","y:tensor[B,S,D]",,,"forbidden_before: mean_last,max_last,sum_last,norm_last; forbidden_after: output_head; mode:GENERAL"
learnable_scale,Learnable per-dimension scale,linear_algebra,approved,Learnable per-dimension scale,"linear_algebra (parameterized, learnable)","x:tensor[B,S,D]","y:tensor[B,S,D]",,,"forbidden_before: mean_last,max_last,sum_last,norm_last; forbidden_after: output_head; mode:GENERAL"
linear_proj,Learned linear projection (D -> D),linear_algebra,approved,Learned linear projection (D -> D),"linear_algebra (parameterized, learnable)","x:tensor[B,S,D_in]","y:tensor[B,S,D_out]",,,forbidden_after: output_head; mode:GENERAL
linear_proj_down,Learned linear projection (D -> D//2),linear_algebra,approved,Learned linear projection (D -> D//2),"linear_algebra (parameterized, learnable)","x:tensor[B,S,D_in]","y:tensor[B,S,D_out]",,,"forbidden_after: adaptive_recursion,conv1d_seq,linear_proj_up,concat,swiglu_mlp,linear_proj,gated_linear,identity,relu_gated_moe; mode:GENERAL"
linear_proj_up,Learned linear projection (D//2 -> D),linear_algebra,approved,Learned linear projection (D//2 -> D),"linear_algebra (parameterized, learnable)","x:tensor[B,S,D_in]","y:tensor[B,S,D_out]",,,"forbidden_before: cos; forbidden_after: mul,linear_proj_up,linear_proj; mode:GENERAL"
matmul,Batched matrix multiply,linear_algebra,approved,Batched matrix multiply,linear_algebra (linear_algebra),"a:tensor[B,S,D]; b:tensor[B,D,K]","y:tensor[B,S,K]",,,"forbidden_before: rmsnorm,mean_last,sum_last,norm_last,layernorm,max_last; forbidden_after: output_head,split2,split3,gather_topk; requires_residual; mode:GENERAL"
nm_sparse_linear,N:M structured sparse linear projection (2:4 default),linear_algebra,approved,N:M structured sparse linear projection (2:4 default),"linear_algebra (parameterized, learnable)","x:tensor[B,S,D_in]","y:tensor[B,S,D_out]",,,"forbidden_after: gated_lane_blend,adaptive_rank_gate,learned_token_gate,confidence_token_gate,moe_topk,difficulty_blend_3way,moe_2expert,feature_sparsity,sparse_bottleneck_moe,arch_router,compute_budget_router,relu_gated_moe,tanh,hetero_moe,depth_gated_transform,depth_weighted_proj,signal_conditioned_compression; mode:GENERAL"
outer_product,Elementwise (Hadamard) product of two inputs,linear_algebra,approved,Elementwise (Hadamard) product of two inputs,linear_algebra (linear_algebra),"a:tensor[B,S,D]; b:tensor[B,S,D]","y:tensor[B,S,D]",,,"forbidden_before: mean_last,max_last,sum_last,norm_last; forbidden_after: output_head,split2,split3,gather_topk; requires_residual; mode:GENERAL"
rmsnorm,Root Mean Square Layer Normalization (Triton-accelerated),linear_algebra,approved,Root Mean Square Layer Normalization (Triton-accelerated),"linear_algebra (parameterized, learnable)","x:tensor[B,S,D]","y:tensor[B,S,D]",,,"forbidden_before: progressive_compression_gate,chebyshev_spectral_mix,moe_topk; forbidden_after: identity; mode:GENERAL"
rwkv_channel,RWKV channel mixing,linear_algebra,approved,RWKV-style channel mixing with key/value/receptance gates,"linear_algebra (gating, rwkv)","x:tensor[B,S,D]","y:tensor[B,S,D]",,,
selective_scan,SSM-style input-dependent state scan,linear_algebra,approved,SSM-style input-dependent state scan,"linear_algebra (parameterized, learnable, numerically_risky)","x:tensor[B,S,D]","y:tensor[B,S,D]",,,"forbidden_before: max_last,split3,transpose_sd,mean_last,sum_last,norm_last,token_merge,split2,identity; forbidden_after: state_space,output_head,selective_scan; requires_residual; mode:GENERAL"
semi_structured_2_4_linear,Semi-structured 2:4 sparse linear projection with compatibility gating,linear_algebra,approved,Semi-structured 2:4 sparse linear projection with compatibility gating,"linear_algebra (parameterized, learnable)","x:tensor[B,S,D_in]","y:tensor[B,S,D_out]",,,"forbidden_after: gated_lane_blend,adaptive_rank_gate,learned_token_gate,confidence_token_gate,moe_topk,difficulty_blend_3way,moe_2expert,feature_sparsity,sparse_bottleneck_moe,arch_router,compute_budget_router,relu_gated_moe,hetero_moe,depth_gated_transform,depth_weighted_proj,signal_conditioned_compression; mode:GENERAL"
signal_conditioned_compression,Routing Conditioned Compression,linear_algebra,approved,Compression level chosen per-token by routing signal.,"linear_algebra (parameterized, learnable, compression, exotic)","x:tensor[B,S,D]; routing_signal:tensor[B,S,1]","y:tensor[B,S,D]",,,"forbidden_before: mean_last,max_last,sum_last,norm_last; forbidden_after: compute_budget_router,split2,gated_lane_blend,adaptive_rank_gate,arch_router,learned_token_gate,confidence_token_gate,split3,difficulty_blend_3way,hetero_moe,depth_gated_transform,depth_weighted_proj,signal_conditioned_compression,feature_sparsity,sparse_bottleneck_moe,relu_gated_moe; mode:GENERAL"
ternary_projection,Ternary Projection,linear_algebra,approved,"1.58-bit ternary simulated projection (-1, 0, 1 weights)","linear_algebra (quantization, sparse_compute, linear_algebra)","x:tensor[B,S,D]","y:tensor[B,S,D]",,,
topk_gate,"Sparse gating: project to 2 gate scores, weight feature halves",linear_algebra,approved,"Sparse gating: project to 2 gate scores, weight feature halves","linear_algebra (parameterized, learnable)","x:tensor[B,S,D]","y:tensor[B,S,D]",,,"forbidden_before: mean_last,max_last,sum_last,norm_last; forbidden_after: gated_lane_blend,adaptive_rank_gate,learned_token_gate,confidence_token_gate,moe_topk,difficulty_blend_3way,moe_2expert,output_head,feature_sparsity,sparse_bottleneck_moe,arch_router,compute_budget_router,relu_gated_moe,hetero_moe,depth_gated_transform,depth_weighted_proj,signal_conditioned_compression; mode:GENERAL"
transpose_sd,Transpose sequence and feature dims,linear_algebra,approved,Transpose sequence and feature dims,linear_algebra (linear_algebra),"x:tensor[B,S,D]","y:tensor[B,D,S]",,,"forbidden_before: transpose_sd,mean_last,sum_last,norm_last,max_last; forbidden_after: output_head,split2,split3; requires_residual; mode:GENERAL"
abs,Absolute value,math,approved,Absolute value,math (elementwise_unary),"x:tensor[B,S,D]","y:tensor[B,S,D]",,,"forbidden_before: mean_last,max_last,sum_last,norm_last; forbidden_after: output_head,split2,split3; mode:GENERAL"
add,Element-wise addition,math,approved,Element-wise addition,math (elementwise_binary),"a:tensor[B,S,D]; b:tensor[B,S,D]","y:tensor[B,S,D]",,,forbidden_after: output_head; mode:GENERAL
cos,Cosine,math,approved,Cosine,math (elementwise_unary),"x:tensor[B,S,D]","y:tensor[B,S,D]",,,"forbidden_before: mean_last,max_last,sum_last,norm_last; forbidden_after: concat,linear_proj_down,split2,split3,linear_proj_up; mode:GENERAL"
cosine_similarity,Cosine Similarity,math,approved,Normalized dot product,"math (functional, similarity)","a:tensor[B,S,D]; b:tensor[B,S,D]","y:tensor[B,S,1]",,,"forbidden_before: rmsnorm,mean_last,sum_last,norm_last,layernorm,max_last; forbidden_after: output_head,split2,split3,gather_topk; requires_residual; mode:GENERAL"
cumprod_safe,Cumulative product (clamped) along seq dim,math,approved,Cumulative product (clamped) along seq dim,"math (reduction, numerically_risky)","x:tensor[B,S,D]","y:tensor[B,S,D]",,,"forbidden_before: mean_last,max_last,sum_last,norm_last; forbidden_after: output_head,split2,split3; mode:GENERAL"
cumsum,Cumulative sum along sequence dim,math,approved,Cumulative sum along sequence dim,math (reduction),"x:tensor[B,S,D]","y:tensor[B,S,D]",,,"forbidden_before: mean_last,max_last,sum_last,norm_last; forbidden_after: output_head,split2,split3; mode:GENERAL"
div_safe,Element-wise division (clamped denominator),math,approved,Element-wise division (clamped denominator),"math (elementwise_binary, numerically_risky)","a:tensor[B,S,D]; b:tensor[B,S,D]","y:tensor[B,S,D]",,,"forbidden_before: mean_last,max_last,sum_last,norm_last; forbidden_after: output_head,split2,split3; requires_residual; mode:GENERAL"
exp,Exponential,math,approved,Exponential,"math (elementwise_unary, numerically_risky)","x:tensor[B,S,D]","y:tensor[B,S,D]",,,"forbidden_before: mean_last,max_last,sum_last,norm_last; forbidden_after: output_head,linear_proj,mul,split2,split3; mode:GENERAL"
gelu,GELU activation,math,approved,GELU activation,math (elementwise_unary),"x:tensor[B,S,D]","y:tensor[B,S,D]",,,"forbidden_before: mean_last,max_last,sum_last,norm_last; forbidden_after: output_head; mode:GENERAL"
log,Natural logarithm (clamped input),math,approved,Natural logarithm (clamped input),"math (elementwise_unary, numerically_risky)","x:tensor[B,S,D]","y:tensor[B,S,D]",,,"forbidden_before: mean_last,max_last,sum_last,norm_last; forbidden_after: output_head,split2,split3; mode:GENERAL"
max_last,Max along last dimension,math,approved,Max along last dimension,math (reduction),"x:tensor[B,S,D]","y:tensor[B,S,1]",,,"forbidden_before: mean_last,max_last,sum_last,norm_last; forbidden_after: output_head,split2,split3; mode:GENERAL"
maximum,Element-wise maximum,math,approved,Element-wise maximum,math (elementwise_binary),"a:tensor[B,S,D]; b:tensor[B,S,D]","y:tensor[B,S,D]",,,"forbidden_before: mean_last,max_last,sum_last,norm_last; forbidden_after: output_head,split2,split3; mode:GENERAL"
mean_last,Mean along last dimension,math,approved,Mean along last dimension,math (reduction),"x:tensor[B,S,D]","y:tensor[B,S,1]",,,"forbidden_before: mean_last,max_last,sum_last,norm_last; forbidden_after: output_head,split2,split3; mode:GENERAL"
minimum,Element-wise minimum,math,approved,Element-wise minimum,math (elementwise_binary),"a:tensor[B,S,D]; b:tensor[B,S,D]","y:tensor[B,S,D]",,,"forbidden_before: mean_last,max_last,sum_last,norm_last; forbidden_after: output_head,split2,split3; mode:GENERAL"
mul,Element-wise multiplication (gating),math,approved,Element-wise multiplication (gating),math (elementwise_binary),"a:tensor[B,S,D]; b:tensor[B,S,D]","y:tensor[B,S,D]",,,"forbidden_before: mean_last,max_last,sum_last,norm_last; forbidden_after: output_head; mode:GENERAL"
neg,Negate: -x,math,approved,Negate: -x,math (elementwise_unary),"x:tensor[B,S,D]","y:tensor[B,S,D]",,,"forbidden_before: mean_last,max_last,sum_last,norm_last; forbidden_after: output_head,split2,split3; mode:GENERAL"
norm_last,L2 norm along last dimension,math,approved,L2 norm along last dimension,math (reduction),"x:tensor[B,S,D]","y:tensor[B,S,1]",,,"forbidden_before: mean_last,max_last,sum_last,norm_last; forbidden_after: output_head,split2,split3; mode:GENERAL"
reciprocal,1/x (clamped),math,approved,1/x (clamped),"math (elementwise_unary, numerically_risky)","x:tensor[B,S,D]","y:tensor[B,S,D]",,,"forbidden_before: mean_last,max_last,sum_last,norm_last; forbidden_after: output_head,split2,split3; mode:GENERAL"
relu,ReLU,math,approved,ReLU,math (elementwise_unary),"x:tensor[B,S,D]","y:tensor[B,S,D]",,,"forbidden_before: mean_last,max_last,sum_last,norm_last; forbidden_after: output_head; mode:GENERAL"
sigmoid,Sigmoid,math,approved,Sigmoid,math (elementwise_unary),"x:tensor[B,S,D]","y:tensor[B,S,D]",,,"forbidden_before: mean_last,max_last,sum_last,norm_last; forbidden_after: output_head; mode:GENERAL"
sign_ste,Sign with straight-through estimator,math,approved,Sign with straight-through estimator,math (elementwise_unary),"x:tensor[B,S,D]","y:tensor[B,S,D]",,,"forbidden_before: mean_last,max_last,sum_last,norm_last; forbidden_after: output_head,split2,split3; mode:GENERAL"
silu,SiLU (Swish) activation,math,approved,SiLU (Swish) activation,math (elementwise_unary),"x:tensor[B,S,D]","y:tensor[B,S,D]",,,"forbidden_before: mean_last,max_last,sum_last,norm_last; forbidden_after: output_head; mode:GENERAL"
sin,Sine,math,approved,Sine,math (elementwise_unary),"x:tensor[B,S,D]","y:tensor[B,S,D]",,,"forbidden_before: mean_last,max_last,sum_last,norm_last; forbidden_after: output_head,split2,split3; mode:GENERAL"
sqrt,Square root (clamped input),math,approved,Square root (clamped input),"math (elementwise_unary, numerically_risky)","x:tensor[B,S,D]","y:tensor[B,S,D]",,,"forbidden_before: mean_last,max_last,sum_last,norm_last; forbidden_after: output_head,split2,split3; mode:GENERAL"
square,Square: x^2,math,approved,Square: x^2,math (elementwise_unary),"x:tensor[B,S,D]","y:tensor[B,S,D]",,,"forbidden_before: mean_last,max_last,sum_last,norm_last; forbidden_after: output_head,split2,split3; mode:GENERAL"
sub,Element-wise subtraction,math,approved,Element-wise subtraction,math (elementwise_binary),"a:tensor[B,S,D]; b:tensor[B,S,D]","y:tensor[B,S,D]",,,"forbidden_before: mean_last,max_last,sum_last,norm_last; forbidden_after: output_head,split2,split3; mode:GENERAL"
sum_last,Sum along last (feature) dimension,math,approved,Sum along last (feature) dimension,math (reduction),"x:tensor[B,S,D]","y:tensor[B,S,1]",,,"forbidden_before: mean_last,max_last,sum_last,norm_last; forbidden_after: output_head,split2,split3; mode:GENERAL"
tanh,Hyperbolic tangent,math,approved,Hyperbolic tangent,math (elementwise_unary),"x:tensor[B,S,D]","y:tensor[B,S,D]",,,"forbidden_before: mean_last,max_last,sum_last,norm_last; forbidden_after: output_head; mode:GENERAL"
bottleneck_proj,Squeeze-expand bottleneck (D→D/4→D),math_space,approved,Squeeze-expand bottleneck (D→D/4→D),"math_space (math_space, learnable)","x:tensor[B,S,D]","y:tensor[B,S,D]",,,"forbidden_before: mean_last,max_last,sum_last,norm_last; forbidden_after: cos; mode:GENERAL"
clifford_attention,Attention via geometric product (dot + wedge) for richer token scores,math_space,approved,Attention via geometric product (dot + wedge) for richer token scores,"math_space (math_space, learnable)","x:tensor[B,S,D]","y:tensor[B,S,D]",,,
exp_map,Exponential map: Euclidean -> Poincare ball,math_space,approved,Exponential map: Euclidean -> Poincare ball,"math_space (math_space, numerically_risky)","x:tensor[B,S,D]","y:tensor[B,S,D]",,,"forbidden_before: mean_last,max_last,sum_last,norm_last; forbidden_after: output_head,split2,split3; mode:GENERAL"
geometric_product,Clifford geometric product (dot + wedge),math_space,approved,Clifford geometric product (dot + wedge),math_space (math_space),"a:tensor[B,S,D]; b:tensor[B,S,D]","y:tensor[B,S,D]",,,"forbidden_before: mean_last,max_last,sum_last,norm_last; forbidden_after: output_head,split2,split3; requires_residual; mode:GENERAL"
grade_mix,Blend vector and bivector grades in Clifford multivectors,math_space,approved,Blend vector and bivector grades in Clifford multivectors,math_space (math_space),"x:tensor[B,S,D]","y:tensor[B,S,D]",,,"forbidden_before: mean_last,max_last,sum_last,norm_last; forbidden_after: output_head,split2,split3; mode:GENERAL"
grade_select,Select vector grade from Clifford multivector,math_space,approved,Select vector grade from Clifford multivector,math_space (math_space),"x:tensor[B,S,D]","y:tensor[B,S,D]",,,
grouped_linear,Block-diagonal linear (4 groups),math_space,approved,Block-diagonal linear (4 groups),"math_space (math_space, learnable)","x:tensor[B,S,D]","y:tensor[B,S,D]",,,"forbidden_before: mean_last,max_last,sum_last,norm_last; forbidden_after: output_head,split2,split3; mode:GENERAL"
hyp_distance,Hyperbolic distance between two points in the Poincare ball,math_space,approved,Hyperbolic distance between two points in the Poincare ball,"math_space (math_space, numerically_risky)","x:tensor[B,S,D]","y:tensor[B,S,1]",,,"forbidden_before: mean_last,max_last,sum_last,norm_last; forbidden_after: output_head,split2,split3; mode:GENERAL"
hyp_linear,Linear transformation in hyperbolic space,math_space,approved,Linear transformation in hyperbolic space,"math_space (math_space, learnable, numerically_risky)","x:tensor[B,S,D]","y:tensor[B,S,D]",,,forbidden_after: output_head; mode:GENERAL
hyp_tangent_nonlinear,Tangent-space nonlinearity with exp/log manifold mapping,math_space,approved,Tangent-space nonlinearity with exp/log manifold mapping,"math_space (math_space, numerically_risky)","x:tensor[B,S,D]","y:tensor[B,S,D]",,,forbidden_after: output_head; mode:GENERAL
hyperbolic_norm,Manifold-aware normalization: log-map → LayerNorm → exp-map,math_space,approved,Manifold-aware normalization: log-map → LayerNorm → exp-map,"math_space (math_space, learnable, numerically_risky)","x:tensor[B,S,D]","y:tensor[B,S,D]",,,"forbidden_before: mean_last,max_last,sum_last,norm_last; forbidden_after: output_head,split2,split3; mode:GENERAL"
lif_neuron,Leaky Integrate-and-Fire neuron with surrogate gradient,math_space,approved,Leaky Integrate-and-Fire neuron with surrogate gradient,math_space (math_space),"x:tensor[B,S,D]","y:tensor[B,S,D]",,,"forbidden_before: mean_last,max_last,sum_last,norm_last; forbidden_after: split2,split3; mode:GENERAL"
log_map,Logarithmic map: Poincare ball -> Euclidean,math_space,approved,Logarithmic map: Poincare ball -> Euclidean,"math_space (math_space, numerically_risky)","x:tensor[B,S,D]","y:tensor[B,S,D]",,,"forbidden_before: mean_last,max_last,sum_last,norm_last; forbidden_after: output_head,split2,split3; mode:GENERAL"
low_rank_proj,Low-rank factored linear (rank=D/4),math_space,approved,Low-rank factored linear (rank=D/4),"math_space (math_space, learnable)","x:tensor[B,S,D]","y:tensor[B,S,D]",,,
padic_expand,Multi-scale p-adic expansion and projection,math_space,approved,Multi-scale p-adic expansion and projection,"math_space (math_space, learnable)","x:tensor[B,S,D]","y:tensor[B,S,D]",,,"forbidden_before: mean_last,max_last,sum_last,norm_last; forbidden_after: geometric_product,clifford_attention,tropical_matmul,tropical_center,hyp_linear,hyp_tangent_nonlinear,ultrametric_attention,tropical_gate,chebyshev_spectral_mix,grade_select,tropical_router,rotor_transform; mode:GENERAL"
padic_gate,Gate activations by smooth p-adic valuation strength,math_space,approved,Gate activations by smooth p-adic valuation strength,math_space (math_space),"x:tensor[B,S,D]","y:tensor[B,S,D]",,,"forbidden_before: mean_last,max_last,sum_last,norm_last; forbidden_after: geometric_product,clifford_attention,tropical_matmul,tropical_center,hyp_linear,hyp_tangent_nonlinear,ultrametric_attention,tropical_gate,chebyshev_spectral_mix,output_head,grade_select,tropical_router,rotor_transform; mode:GENERAL"
padic_residual,Multi-resolution p-adic expansion with per-scale transform + residual,math_space,approved,Multi-resolution p-adic expansion with per-scale transform + residual,"math_space (math_space, learnable)","x:tensor[B,S,D]","y:tensor[B,S,D]",,,"forbidden_before: mean_last,max_last,sum_last,norm_last; forbidden_after: geometric_product,clifford_attention,tropical_matmul,tropical_center,hyp_linear,hyp_tangent_nonlinear,ultrametric_attention,tropical_gate,chebyshev_spectral_mix,output_head,grade_select,tropical_router,rotor_transform; mode:GENERAL"
poincare_add,Mobius addition with learnable bias in Poincare ball,math_space,approved,Mobius addition with learnable bias in Poincare ball,"math_space (math_space, learnable)","x:tensor[B,S,D]","y:tensor[B,S,D]",,,"forbidden_before: mean_last,max_last,sum_last,norm_last; forbidden_after: output_head,split2,split3; mode:GENERAL"
rotor_transform,Clifford rotor transformation (efficient rotation),math_space,approved,Clifford rotor transformation (efficient rotation),"math_space (math_space, learnable)","x:tensor[B,S,D]","y:tensor[B,S,D]",,,
shared_basis_proj,Shared-basis projection (8 basis vectors),math_space,approved,Shared-basis projection (8 basis vectors),"math_space (math_space, learnable)","x:tensor[B,S,D]","y:tensor[B,S,D]",,,"forbidden_before: mean_last,max_last,sum_last,norm_last; forbidden_after: output_head,split2,split3; mode:GENERAL"
sparse_threshold,Adaptive median-based threshold gate (~50% sparsity),math_space,approved,Adaptive median-based threshold gate (~50% sparsity),math_space (math_space),"x:tensor[B,S,D]","y:tensor[B,S,D]",,,forbidden_after: output_head; mode:GENERAL
spike_rate_code,Continuous-to-spike-to-continuous rate coding with STE,math_space,approved,Continuous-to-spike-to-continuous rate coding with STE,math_space (math_space),"x:tensor[B,S,D]","y:tensor[B,S,D]",,,"forbidden_before: mean_last,max_last,sum_last,norm_last; forbidden_after: output_head,split2,split3; mode:GENERAL"
stdp_attention,STDP-inspired causal attention with temporal decay kernel,math_space,approved,STDP-inspired causal attention with temporal decay kernel,math_space (math_space),"x:tensor[B,S,D]","y:tensor[B,S,D]",,,forbidden_after: output_head; mode:GENERAL
tied_proj,"Tied down/up projection (shared transposed weights, rank=D/4)",math_space,approved,"Tied down/up projection (shared transposed weights, rank=D/4)","math_space (math_space, learnable)","x:tensor[B,S,D]","y:tensor[B,S,D]",,,"forbidden_before: mean_last,max_last,sum_last,norm_last; forbidden_after: output_head,split2,split3; mode:GENERAL"
tropical_add,Tropical addition (element-wise minimum),math_space,approved,Tropical addition (element-wise minimum),math_space (math_space),"a:tensor[B,S,D]; b:tensor[B,S,D]","y:tensor[B,S,D]",,,"forbidden_before: mean_last,max_last,sum_last,norm_last; forbidden_after: geometric_product,clifford_attention,hyp_linear,hyp_tangent_nonlinear,ultrametric_attention,tropical_gate,chebyshev_spectral_mix,output_head,grade_select,tropical_router,rotor_transform,padic_expand; mode:GENERAL"
tropical_attention,Self-attention using tropical geometry (shortest-path),math_space,approved,Self-attention using tropical geometry (shortest-path),"math_space (math_space, learnable)","x:tensor[B,S,D]","y:tensor[B,S,D]",,,"forbidden_before: mean_last,max_last,sum_last,norm_last; forbidden_after: output_head,split2,split3; mode:GENERAL"
tropical_center,Subtract sequence-wise tropical baseline (min) from features,math_space,approved,Subtract sequence-wise tropical baseline (min) from features,math_space (math_space),"x:tensor[B,S,D]","y:tensor[B,S,D]",,,"forbidden_after: geometric_product,clifford_attention,hyp_linear,hyp_tangent_nonlinear,ultrametric_attention,tropical_gate,chebyshev_spectral_mix,linear_proj,grade_select,tropical_router,rotor_transform,padic_expand; mode:GENERAL"
tropical_gate,Shortest-path tropical distances as a gating mechanism,math_space,approved,Shortest-path tropical distances as a gating mechanism,"math_space (math_space, learnable)","x:tensor[B,S,D]","y:tensor[B,S,D]",,,
tropical_matmul,Tropical (min-plus) matrix multiply — shortest path distances,math_space,approved,Tropical (min-plus) matrix multiply — shortest path distances,math_space (math_space),"a:tensor[B,S,D]; b:tensor[B,S,D]","y:tensor[B,S,D]",,,"forbidden_before: mean_last,max_last,sum_last,norm_last; forbidden_after: split2,split3; mode:GENERAL"
tropical_moe,Tropical MoE,math_space,approved,Mixture-of-Experts with tropical (min-plus) routing,"math_space (tropical_geometry, moe, math_space)","x:tensor[B,S,D]","y:tensor[B,S,D]",,,"forbidden_before: semi_structured_2_4_linear,mean_last,sum_last,norm_last,max_last,nm_sparse_linear,block_sparse_linear; forbidden_after: gated_lane_blend,adaptive_rank_gate,learned_token_gate,confidence_token_gate,moe_topk,difficulty_blend_3way,moe_2expert,output_head,feature_sparsity,sparse_bottleneck_moe,arch_router,compute_budget_router,relu_gated_moe,hetero_moe,depth_gated_transform,depth_weighted_proj,signal_conditioned_compression; mode:GENERAL"
tropical_router,Tropical Router,math_space,approved,Tropical (shortest-path) routing signal via min-plus distance,"math_space (tropical_geometry, routing, math_space)","x:tensor[B,S,D]","y:tensor[B,S,D]",,,
ultrametric_attention,Attention using ultrametric (p-adic) distance,math_space,approved,Attention using ultrametric (p-adic) distance,math_space (math_space),"x:tensor[B,S,D]","y:tensor[B,S,D]",,,
chebyshev_spectral_mix,Chebyshev polynomial spectral mixing,mixing,approved,"Spectral mixing via Chebyshev polynomial recurrence. K learned coefficients per feature dim: K*D params vs D² for dense mixing (42x compression at K=6, D=256).","mixing (parameterized, learnable, vram_efficient, spectral)","x:tensor[B,S,D]","y:tensor[B,S,D]",,,
conv_only,Conv Only,mixing,approved,Pure convolution stack (local + dilated),"mixing (linear_complexity, local_only, token_mixing)","x:tensor[B,S,D]","y:tensor[B,S,D]",,,"forbidden_before: mean_last,max_last,sum_last,norm_last; forbidden_after: output_head,split2,split3; mode:GENERAL"
diff_attention,Differential Attention,mixing,approved,Differential attention: two softmax maps subtracted to cancel noise (ICLR 2025).,"mixing (attention, noise-cancellation)","x:tensor[B,S,D]","y:tensor[B,S,D]",,,"forbidden_before: mean_last,max_last,sum_last,norm_last; forbidden_after: split2,split3; mode:GENERAL"
gated_delta,Gated Delta Rule,mixing,approved,Gated delta rule: linear recurrence with decay + update gates for targeted state writes (ICLR 2025).,"mixing (recurrence, linear-attention, state-space)","x:tensor[B,S,D]","y:tensor[B,S,D]",,,"forbidden_before: mean_last,max_last,sum_last,norm_last; forbidden_after: split2,split3; mode:GENERAL"
graph_attention,Graph Attention,mixing,approved,Dynamic graph attention (learned adjacency),"mixing (graph, quadratic, token_mixing)","x:tensor[B,S,D]","y:tensor[B,S,D]",,,forbidden_after: output_head; requires_residual; mode:GENERAL
linear_attention,Linear Attention,mixing,approved,"Linear attention (kernel trick, no softmax)","mixing (linear_complexity, token_mixing)","x:tensor[B,S,D]","y:tensor[B,S,D]",,,forbidden_after: output_head; requires_residual; mode:GENERAL
rwkv_time_mixing,RWKV Time Mixing,mixing,approved,RWKV linear attention with learned decay,"mixing (parameterized, attention, rnn)","x:tensor[B,S,D]","y:tensor[B,S,D]",,,"forbidden_before: mean_last,max_last,sum_last,norm_last; forbidden_after: split2,split3; mode:GENERAL"
softmax_attention,Softmax Attention,mixing,approved,Standard softmax QKV attention (baseline),"mixing (quadratic, standard, token_mixing)","x:tensor[B,S,D]","y:tensor[B,S,D]",,,"forbidden_before: causal_mask,max_last,split3,transpose_sd,mean_last,sum_last,norm_last,token_merge,linear_proj_down,split2; forbidden_after: output_head,softmax_attention,identity,linear_proj; requires_residual; mode:GENERAL"
state_space,State Space Mixer,mixing,approved,State-space sequence mixer (Mamba-style selective scan),"mixing (ssm, sequence_mixing, linear_complexity)","x:tensor[B,S,D]","y:tensor[B,S,D]",,,"forbidden_before: mean_last,max_last,sum_last,norm_last; forbidden_after: split2,split3; mode:GENERAL"
layernorm,Layernorm Pre,normalization,approved,Pre-norm LayerNorm,"normalization (standard, normalization)","x:tensor[B,S,D]","y:tensor[B,S,D]",,,forbidden_after: identity; mode:GENERAL
rope_rotate,RoPE Rotate,positional,approved,Rotary Position Embedding (RoPE),"positional (functional, positional_encoding)","x:tensor[B,S,D]","y:tensor[B,S,D]",,,
embedding_lookup,Embedding Lookup,representation,approved,Token embedding lookup table,"representation (parameterized, embedding)","indices:tensor[B,S]","y:tensor[B,S,D]",,,forbidden_after: output_head; mode:GENERAL
adjacent_token_merge,Token Merging,routing,approved,Merge similar tokens to reduce sequence length,"routing (token_sparse, merging, compute_routing)","x:tensor[B,S,D]","y:tensor[B,S,D]",,,"forbidden_before: mean_last,max_last,sum_last,norm_last; forbidden_after: gated_lane_blend,adaptive_rank_gate,learned_token_gate,confidence_token_gate,moe_topk,difficulty_blend_3way,moe_2expert,output_head,feature_sparsity,sparse_bottleneck_moe,arch_router,compute_budget_router,relu_gated_moe,hetero_moe,depth_gated_transform,depth_weighted_proj,signal_conditioned_compression; requires_residual; mode:GENERAL"
cheap_verify_blend,Speculative,routing,approved,"Speculative: run cheap path, verify with expensive path","routing (dynamic_routing, speculative, compute_routing)","x:tensor[B,S,D]","y:tensor[B,S,D]",,,"forbidden_before: mean_last,max_last,sum_last,norm_last; forbidden_after: gated_lane_blend,adaptive_rank_gate,learned_token_gate,confidence_token_gate,moe_topk,difficulty_blend_3way,moe_2expert,output_head,feature_sparsity,sparse_bottleneck_moe,arch_router,compute_budget_router,relu_gated_moe,hetero_moe,depth_gated_transform,depth_weighted_proj,signal_conditioned_compression; requires_residual; mode:GENERAL"
confidence_token_gate,Early Exit,routing,approved,Early exit: tokens stop at different depths,"routing (dynamic_routing, early_exit, compute_routing)","x:tensor[B,S,D]","y:tensor[B,S,D]",,,"forbidden_before: mean_last,sum_last,norm_last,max_last,add; forbidden_after: split2,split3; requires_residual; mode:GENERAL"
default_path,Default Path,routing,approved,Cheap default/early-exit path required by routed blocks.,"routing (default_path, hybrid_router)","x:tensor[B,S,D]","y:tensor[B,S,D]",hybrid_sparse_triplet_router,upstream_signal(path),
depth_token_mask,Mixture-of-Depths Top-K,routing,approved,Mixture-of-Depths top-k token routing with learned scorer,"routing (dynamic_routing, token_routing, sparse_compute)","x:tensor[B,S,D]","y:tensor[B,S,D]",,,"forbidden_before: semi_structured_2_4_linear,mean_last,sum_last,norm_last,max_last,nm_sparse_linear,block_sparse_linear; forbidden_after: gated_lane_blend,adaptive_rank_gate,learned_token_gate,confidence_token_gate,moe_topk,difficulty_blend_3way,moe_2expert,output_head,feature_sparsity,sparse_bottleneck_moe,arch_router,compute_budget_router,relu_gated_moe,hetero_moe,depth_gated_transform,depth_weighted_proj,signal_conditioned_compression; requires_residual; mode:GENERAL"
depth_weighted_proj,Adaptive Recursion,routing,approved,Adaptive recursion depth per token (MoR-style),"routing (dynamic_routing, recursion, compute_routing)","x:tensor[B,S,D]","y:tensor[B,S,D]",,,"forbidden_before: linear_proj_down,mean_last,sum_last,norm_last,max_last; forbidden_after: causal_mask,clifford_attention,gated_lane_blend,learned_token_gate,confidence_token_gate,moe_topk,split3,ultrametric_attention,sparse_bottleneck_moe,relu_gated_moe,tropical_matmul,diff_attention,linear_proj_up,depth_weighted_proj,grade_select,split2,rotor_transform,padic_expand,sliding_window_mask,tropical_center,adaptive_rank_gate,hyp_linear,difficulty_blend_3way,moe_2expert,tropical_gate,local_window_attn,chebyshev_spectral_mix,feature_sparsity,arch_router,tropical_router,compute_budget_router,geometric_product,softmax_attention,linear_attention,hetero_moe,depth_gated_transform,hyp_tangent_nonlinear,graph_attention,signal_conditioned_compression; mode:GENERAL"
difficulty_blend_3way,Adaptive Lane Mixer,routing,approved,Routes tokens to experts based on learned difficulty scores.,"routing (parameterized, learnable, core, exotic)","x:tensor[B,S,D]","y:tensor[B,S,D]",,,"forbidden_before: mean_last,max_last,sum_last,norm_last; forbidden_after: causal_mask,sliding_window_mask,gated_lane_blend,adaptive_rank_gate,learnable_bias,learned_token_gate,confidence_token_gate,moe_topk,difficulty_blend_3way,moe_2expert,feature_sparsity,sparse_bottleneck_moe,arch_router,compute_budget_router,relu_gated_moe,hetero_moe,depth_gated_transform,depth_weighted_proj,signal_conditioned_compression; mode:GENERAL"
hybrid_sparse_router,Lane Router,routing,approved,"Two-stage router with token gate, sparse fused spans, heterogeneous lanes, and default fallback.","routing (hybrid_router, sparse_routing, lane_router)","x:tensor[B,S,D]","y:tensor[B,S,D]",hybrid_sparse_triplet_router; multiscale_difficulty_router; multiscale_rich_lane_router; intelligent_multilane_router,"pre_router(stem)→[routing/cheap_verify_blend,linear_algebra/linear_proj]; default_path(fallback)→[routing/default_path]; easy_router(lane)→[routing/cheap_verify_blend,mixing/conv_only,linear_algebra/conv1d_seq]; medium_router(route)→[routing/hybrid_sparse_router,routing/route_lanes,routing/adaptive_lane_mixer,sparse/semi_structured_2_4_linear,sparse/block_sparse_linear,mixing/rwkv_time_mixing,sparse/nm_sparse_linear,routing/default_path,routing/cheap_verify_blend,linear_algebra/conv1d_seq,mixing/conv_only]; routed_lane(lane)→[routing/lane_conditioned_block]; sparse_spans(path)→[routing/sparse_span_builder]; difficulty_signal(signal)→[routing/token_class_proj]; compression_router(route)→[routing/signal_conditioned_compression]; hard_router(expert)→[routing/compression_mixture_experts,routing/routing_conditioned_compression,routing/dual_compression_blend,routing/route_recursion,routing/adaptive_recursion,routing/mixed_recursion_gate,channel_mixing/moe_topk,channel_mixing/moe_2expert,routing/n_way_sparse_router,mixing/state_space]; token_merge(merge)→[routing/adjacent_token_merge,functional/token_merge]; post_merge(stem)→[linear_algebra/rmsnorm,linear_algebra/linear_proj,linear_algebra/nm_sparse_linear,linear_algebra/conv1d_seq]",
hybrid_token_gate,Token Gate,routing,approved,Cheap single-token gate for default-path vs sparse routed traffic.,"routing (dynamic_routing, token_gate, hybrid_router)","x:tensor[B,S,D]","y:tensor[B,S,D]",hybrid_sparse_triplet_router,default_path(fallback)→[routing/default_path]; sparse_route(path)→[routing/sparse_span_builder],
lane_conditioned_block,Lane Conditioned Block,routing,approved,Lane-conditioned downstream compute block for routed activations.,"routing (lane_block, hybrid_router)","x:tensor[B,S,D]","y:tensor[B,S,D]",hybrid_sparse_triplet_router,routed_lane(lane)→[routing/hybrid_sparse_router]; merge_target(merge)→[add],
learned_token_gate,Cascade,routing,approved,"Progressive cascade: easy tokens get shallow, hard get deep","routing (dynamic_routing, cascade, compute_routing)","x:tensor[B,S,D]","y:tensor[B,S,D]",,,"forbidden_before: mean_last,max_last,sum_last,norm_last; forbidden_after: split2,split3; mode:GENERAL"
relu_gated_moe,ReLU Gate Routing,routing,approved,ReLU-gated MoE: sparse expert activation with learned gate and expert projections,"routing (moe, sparse_compute, dynamic_routing)","x:tensor[B,S,D]","y:tensor[B,S,D]",,,"forbidden_before: linear_proj_down,mean_last,sum_last,norm_last,max_last; forbidden_after: gated_lane_blend,adaptive_rank_gate,learned_token_gate,confidence_token_gate,moe_topk,difficulty_blend_3way,moe_2expert,output_head,feature_sparsity,sparse_bottleneck_moe,arch_router,compute_budget_router,relu_gated_moe,hetero_moe,depth_gated_transform,depth_weighted_proj,signal_conditioned_compression; mode:GENERAL"
score_depth_blend,Mixed Recursion Gate,routing,approved,"Tokens re-enter block with different transforms per recursion step, depth is conditional on difficulty.","routing (parameterized, learnable, recursion, exotic)","x:tensor[B,S,D]; scores:tensor[B,S,max_depth]","y:tensor[B,S,D]",,,"forbidden_before: mean_last,max_last,sum_last,norm_last; forbidden_after: gated_lane_blend,adaptive_rank_gate,learned_token_gate,confidence_token_gate,moe_topk,difficulty_blend_3way,moe_2expert,output_head,feature_sparsity,sparse_bottleneck_moe,arch_router,compute_budget_router,relu_gated_moe,hetero_moe,depth_gated_transform,depth_weighted_proj,signal_conditioned_compression; mode:GENERAL"
sparse_bottleneck_moe,N-way sparse router with bottleneck experts,routing,approved,"Width-over-depth N-way router: N narrow bottleneck experts (D/N hidden), top-k activation with straight-through estimator.","routing (parameterized, learnable, routing, vram_efficient)","x:tensor[B,S,D]","y:tensor[B,S,D]",,,"forbidden_before: mean_last,max_last,sum_last,norm_last; forbidden_after: split2,split3; mode:GENERAL"
sparse_span_builder,Sparse Span Builder,routing,approved,Builds sparse fused pair/triplet span features from informative tokens.,"routing (sparse_routing, pair_triplet, hybrid_router)","x:tensor[B,S,D]","y:tensor[B,S,D]",hybrid_sparse_triplet_router,sparse_route(path)→[routing/hybrid_token_gate]; fallback_path(fallback)→[routing/default_path],
token_class_proj,Token Type Classifier,routing,approved,Learned classifier to produce routing scores from token embeddings.,"routing (parameterized, learnable, router)","x:tensor[B,S,D]","scores:tensor[B,S,n_classes]",,,
token_difficulty_proj,Difficulty Scorer,routing,approved,"2-layer MLP scoring per-token difficulty (D→D//8→1, sigmoid output)","routing (routing, adaptive_compute, parameterized)","x:tensor[B,S,D]","y:tensor[B,S,D]",,,
token_entropy,Entropy Score,routing,approved,Shannon entropy of input scores as a per-token difficulty signal.,"routing (functional, scoring)","scores:tensor[B,S,K]","routing_signal:tensor[B,S,1]",,,
causal_mask,Apply causal (lower-triangular) mask,sequence,approved,Apply causal (lower-triangular) mask,sequence (sequence),"x:tensor[B,S,D]","y:mask[B,S,D]",,,forbidden_after: output_head; requires_residual; mode:GENERAL
local_window_attn,Local windowed causal self-attention (Q=K=V),sequence,approved,Local windowed causal self-attention (Q=K=V),sequence (sequence),"x:tensor[B,S,D]","y:tensor[B,S,D]",,,"forbidden_before: mean_last,max_last,sum_last,norm_last; forbidden_after: output_head; requires_residual; mode:GENERAL"
sliding_window_mask,Exponential distance decay mask for windowed composition,sequence,approved,Exponential distance decay mask for windowed composition,sequence (sequence),"x:tensor[B,S,D]","y:mask[B,S,D]",,,"forbidden_before: gated_lane_blend,adaptive_rank_gate,max_last,learned_token_gate,confidence_token_gate,moe_topk,difficulty_blend_3way,moe_2expert,mean_last,sum_last,feature_sparsity,sparse_bottleneck_moe,arch_router,compute_budget_router,relu_gated_moe,hetero_moe,depth_gated_transform,depth_weighted_proj,norm_last,signal_conditioned_compression; forbidden_after: adaptive_rank_gate,gated_lane_blend,learned_token_gate,confidence_token_gate,moe_topk,difficulty_blend_3way,moe_2expert,output_head,feature_sparsity,arch_router,sparse_bottleneck_moe,compute_budget_router,relu_gated_moe,hetero_moe,depth_gated_transform,depth_weighted_proj,signal_conditioned_compression; requires_residual; mode:GENERAL"
softmax_last,Softmax along last dimension,sequence,approved,Softmax along last dimension,sequence (sequence),"x:tensor[B,S,D]","y:tensor[B,S,D]",,,"forbidden_before: mean_last,max_last,sum_last,norm_last; forbidden_after: output_head,split2,split3; mode:GENERAL"
concat,Concatenate along last dimension,structural,approved,Concatenate along last dimension,structural (structural),"a:tensor[B,S,D_a]; b:tensor[B,S,D_b]","y:tensor[B,S,D_out]",,,"forbidden_before: concat,cos; forbidden_after: output_head; mode:GENERAL"
gather_topk,Gather Top-K,structural,approved,Select top-k vectors by score,"structural (functional, selection)","x:tensor[B,S,D]; scores:tensor[B,S]","y:tensor[B,k,D]",,,"forbidden_after: output_head,split2,split3; mode:GENERAL"
multi_head_mix,Multi-head reshape + per-head L2 normalize,structural,approved,Multi-head reshape + per-head L2 normalize,structural (structural),"x:tensor[B,S,D]","y:tensor[B,S,D]",,,"forbidden_before: mean_last,max_last,sum_last,norm_last; forbidden_after: output_head; mode:GENERAL"
split2,Split Tensor (2-way),structural,approved,Split tensor into 2 parts across either token or feature axis.,"structural (structural, branching)","x:tensor[B,S,D]",y0:tensor[*]; y1:tensor[*],,,"forbidden_before: mean_last,max_last,sum_last,norm_last; forbidden_after: causal_mask,gated_delta,selective_scan,sliding_window_mask,low_rank_proj,output_head,basis_expansion,state_space,rope_rotate,softmax_attention,diff_attention,ternary_projection,rwkv_time_mixing,conv1d_seq,linear_attention,graph_attention,rwkv_channel,padic_expand; mode:GENERAL"
split3,Split Tensor (3-way),structural,approved,Split tensor into 3 parts across either token or feature axis.,"structural (structural, branching)","x:tensor[B,S,D]",y0:tensor[*]; y1:tensor[*]; y2:tensor[*],,,"forbidden_before: mean_last,max_last,sum_last,norm_last; forbidden_after: output_head; mode:GENERAL"
