pair,count,avg_loss_ratio,avg_stability_score
input -> add,516,0.01293284795201992,0.9031007751937985
linear_proj_down -> bottleneck_proj,161,0.013280719141947705,0.8757763975155279
bottleneck_proj -> linear_proj_up,160,0.01328339456098128,0.875
add -> add,71,0.01221436645821121,0.8732394366197183
input -> linear_proj_down,67,0.013194879317765302,0.9253731343283582
linear_proj_up -> add,60,0.013164334767482692,0.8833333333333333
split2 -> concat,56,0.013979275181663017,0.9642857142857143
input -> split2,53,0.013353004023978555,0.8679245283018868
linear_proj -> add,49,0.01242213915022688,0.8367346938775511
ternary_projection -> add,34,0.012233611331193026,0.9117647058823529
spike_rate_code -> concat,34,0.01305987657178185,0.9117647058823529
input -> tropical_matmul,32,0.013770861366979217,0.9375
split2 -> spike_rate_code,32,0.013038501178422264,0.90625
input -> linear_proj,31,0.011904647821722155,0.8709677419354839
input -> low_rank_proj,27,0.013962156158286797,1.0
split2 -> gelu,27,0.01316774665078573,0.7777777777777778
gelu -> concat,27,0.013087381064130845,0.7777777777777778
input -> lif_neuron,27,0.012780630808412977,0.7407407407407407
rwkv_channel -> add,26,0.010550167093575414,0.7307692307692307
block_sparse_linear -> add,26,0.012755844770991231,0.9615384615384616
input -> tropical_add,24,0.013046565392871266,0.9166666666666666
input -> geometric_product,24,0.012302317015954902,0.875
concat -> linear_proj,24,0.013259609854119662,0.875
input -> bottleneck_proj,23,0.01337706127394146,1.0
semi_structured_2_4_linear -> add,22,0.012606476760803113,0.9545454545454546
input -> grade_mix,22,0.01261387804487889,0.7727272727272727
swiglu_mlp -> add,20,0.01088939205623633,0.75
input -> shared_basis_proj,20,0.013532771370567534,0.95
input -> block_sparse_linear,19,0.013271347498533054,0.8421052631578947
tied_proj -> add,19,0.013055177123495234,0.8947368421052632
split2 -> silu,19,0.01428625694019538,1.0
silu -> concat,19,0.01428625694019538,1.0
latent_attention_compressor -> add,18,0.013567974195387154,0.9444444444444444
input -> tropical_moe,18,0.013174987890840565,1.0
input -> padic_gate,18,0.012549218089574174,0.8333333333333334
input -> progressive_compression_gate,18,0.013737212952169366,1.0
split2 -> tanh,18,0.01434571150713186,0.8888888888888888
tanh -> concat,18,0.01434571150713186,0.8888888888888888
padic_gate -> concat,18,0.013511515873335758,0.8888888888888888
learnable_scale -> concat,18,0.013246700568848545,0.8888888888888888
bottleneck_proj -> add,17,0.01327293176865532,0.8823529411764706
input -> rmsnorm,17,0.011873429992551669,0.8235294117647058
concat -> add,17,0.013481318122000605,0.8823529411764706
gelu -> linear_proj_down,17,0.011769107517688157,0.8235294117647058
split2 -> padic_gate,17,0.01363355576917315,0.8823529411764706
topk_gate -> add,17,0.013580733788524188,0.9411764705882353
low_rank_proj -> add,16,0.014320768125693703,1.0
input -> rwkv_channel,16,0.010901702098760312,0.8125
input -> moe_2expert,16,0.013038985262563797,1.0
input -> swiglu_mlp,16,0.010917387115246398,0.6875
split2 -> learnable_scale,16,0.013200974529152653,0.9375
linear_proj_up -> gelu,16,0.0119420022758183,0.875
gelu -> add,16,0.013238139504538086,0.9375
moe_2expert -> add,16,0.01243177439640213,1.0
input -> layernorm,15,0.012738272142575557,0.8666666666666667
input -> ternary_projection,15,0.01170921796062644,0.8
input -> semi_structured_2_4_linear,15,0.011793372080365029,1.0
input -> ultrametric_attention,15,0.013766269715112028,0.8666666666666667
tropical_gate -> concat,15,0.013296785474842317,0.9333333333333333
learnable_bias -> concat,15,0.012730138503689568,0.9333333333333333
input -> tropical_router,15,0.0135251099352123,0.9333333333333333
progressive_compression_gate -> add,14,0.013207970493207875,1.0
poincare_add -> add,14,0.013214723559678032,0.9285714285714286
split2 -> relu,14,0.01444359658863946,0.9285714285714286
relu -> concat,14,0.01444359658863946,0.9285714285714286
split2 -> learnable_bias,14,0.0128468239300534,0.9285714285714286
input -> tied_proj,13,0.013509284517110084,0.9230769230769231
linear_proj_down -> linear_proj,13,0.013376001379955009,0.9230769230769231
input -> padic_residual,13,0.012761702652163988,1.0
split2 -> tropical_gate,13,0.01350217904201039,1.0
linear_proj_down -> add,13,0.012298240769909142,0.9230769230769231
input -> learnable_scale,13,0.012434613915400627,1.0
grouped_linear -> add,12,0.013346362825092231,0.9166666666666666
input -> latent_attention_compressor,12,0.011597597332197333,0.75
shared_basis_proj -> add,12,0.014645429617526283,1.0
input -> poincare_add,12,0.013805913309610299,1.0
input -> maximum,12,0.013116469338561998,0.9166666666666666
input -> spike_rate_code,12,0.01293018163683702,1.0
input -> linear_proj_up,12,0.012335393414007802,0.9166666666666666
input -> minimum,12,0.01262283712535503,0.8333333333333334
sin -> concat,12,0.014207809194267146,1.0
input -> gelu,12,0.01196674696557633,0.8333333333333334
input -> moe_topk,12,0.011206975656176897,1.0
input -> selective_scan,12,0.0130334828000611,0.9166666666666666
token_type_classifier -> add,12,0.013170959882825357,1.0
input -> tropical_attention,12,0.013796111412663334,1.0
input -> grouped_linear,11,0.01283225190940271,0.9090909090909091
input -> sin,11,0.01449808558610295,1.0
input -> square,11,0.011696383306715564,0.7272727272727273
split2 -> sigmoid,11,0.013706815187497723,1.0
sigmoid -> concat,11,0.013706815187497723,1.0
linear_proj_up -> split2,11,0.013583770770101377,0.8181818181818182
concat -> linear_proj_down,11,0.013530857870622413,1.0
gated_linear -> add,10,0.010778844427772896,0.9
input -> integral_kernel,10,0.012856000681172482,0.9
input -> conv1d_seq,10,0.012031960371245876,0.9
layernorm -> add,10,0.010893090477809009,0.8
linear_proj_up -> linear_proj,10,0.011814197181023202,0.8
split2 -> sin,10,0.014453477646841479,1.0
input -> learnable_bias,10,0.01272684647857584,0.9
selective_scan -> add,10,0.011225585088162016,0.8
input -> fused_linear_gelu,10,0.014035192947360641,0.9
input -> nm_sparse_linear,9,0.012817930210172912,1.0
input -> relu,9,0.011653788818171036,0.6666666666666666
input -> rotor_transform,9,0.012953591323220187,1.0
input -> abs,9,0.013103790190923337,0.8888888888888888
input -> grade_select,9,0.015502466107466799,1.0
input -> sub,9,0.013777136926219572,0.8888888888888888
input -> gated_linear,8,0.012320561454955468,1.0
input -> tanh,8,0.013611399202852464,0.875
nm_sparse_linear -> add,8,0.012692251442019912,1.0
grade_mix -> concat,8,0.013636913816423433,0.875
split2 -> shared_basis_proj,8,0.014629378351110684,1.0
split2 -> square,8,0.014832238063329145,1.0
square -> concat,8,0.014832238063329145,1.0
lif_neuron -> linear_proj_down,8,0.012065959114299352,0.5
shared_basis_proj -> tropical_add,8,0.014197889844021781,0.875
tropical_gate -> add,8,0.013479776220193225,1.0
input -> sigmoid,8,0.01322205353920159,0.875
integral_kernel -> add,8,0.013674993127092862,1.0
relu_gate_routing -> add,8,0.011541916354509782,0.75
rmsnorm -> rwkv_channel,8,0.010013579256346772,0.625
add -> rmsnorm,8,0.01149493153894095,0.625
concat -> poincare_add,8,0.014505089220392748,1.0
tropical_moe -> add,8,0.01364978196427792,1.0
moe_topk -> add,8,0.01144969767456711,1.0
input -> dynamic_norm,8,0.011684131054179713,0.875
selective_scan -> ternary_projection,8,0.010493950774533994,0.75
add -> progressive_compression_gate,8,0.01127499326441965,1.0
tropical_attention -> linear_proj_down,8,0.013717067759663462,0.875
input -> clifford_attention,7,0.014340403111992469,1.0
linear_proj_up -> relu,7,0.010591430464315918,0.8571428571428571
relu -> linear_proj_down,7,0.010999723797688378,0.8571428571428571
input -> sqrt,7,0.013680151701732963,1.0
linear_proj_up -> latent_attention_compressor,7,0.013799115257259482,0.8571428571428571
tropical_attention -> concat,7,0.013448037183061475,0.5714285714285714
learnable_bias -> add,7,0.011626049552601173,0.8571428571428571
no_norm -> add,7,0.012335276135828384,0.8571428571428571
input -> topk_gate,7,0.013207199038605549,1.0
tanh -> linear_proj_down,7,0.012556181807456537,0.8571428571428571
input -> log_map,7,0.014095081473583447,1.0
bottleneck_proj -> tropical_add,7,0.01412141486716372,1.0
input -> outer_product,7,0.012806452205315061,0.8571428571428571
linear_proj_up -> tropical_matmul,7,0.013619389092992068,1.0
softmax_attention -> add,6,0.01271182599547374,0.8333333333333334
input -> sliding_window_mask,6,0.014230696958974491,1.0
spike_rate_code -> add,6,0.012268402278306084,1.0
input -> hyp_linear,6,0.013040220398538872,1.0
conv1d_seq -> concat,6,0.011738728903986534,0.5
concat -> grade_mix,6,0.011995882393083086,0.6666666666666666
grade_mix -> add,6,0.013685281813206862,1.0
linear_proj_up -> layernorm,6,0.013820782258617636,0.8333333333333334
split2 -> grade_mix,6,0.013571211881450412,0.8333333333333334
concat -> shared_basis_proj,6,0.015008964833558881,1.0
learnable_scale -> add,6,0.012939061550211428,1.0
split2 -> padic_residual,6,0.014402184623108704,1.0
conv1d_seq -> swiglu_mlp,6,0.009993428197921551,0.5
input -> mul,6,0.014167432597361591,1.0
split2 -> moe_2expert,6,0.01456773011753837,1.0
moe_2expert -> concat,6,0.01461878133018729,1.0
grade_select -> linear_proj_up,6,0.012281249289426949,0.6666666666666666
sliding_window_mask -> add,6,0.01348975860854792,1.0
split2 -> grouped_linear,6,0.0126715355612438,1.0
grade_select -> add,6,0.01494266924824318,1.0
input -> token_merging,6,0.014940015445999861,1.0
split2 -> tropical_attention,6,0.013539140084181825,0.5
grade_select -> concat,6,0.011247574332032486,0.6666666666666666
graph_attention -> add,6,0.013571397995322832,1.0
ultrametric_attention -> linear_proj_down,6,0.014038061748117855,0.8333333333333334
input -> token_type_classifier,6,0.011269925538733934,0.8333333333333334
concat -> tropical_moe,6,0.013164239818133689,1.0
input -> layernorm_pre,6,0.012397714270742983,0.8333333333333334
add -> moe_topk,6,0.011352138395658256,1.0
add -> block_sparse_linear,6,0.0138611155566482,1.0
relu -> add,6,0.012346353654006867,1.0
sin -> add,6,0.013078765700245307,1.0
square -> add,6,0.010717887302631278,0.8333333333333334
add -> ternary_projection,6,0.01216455701411194,0.8333333333333334
rmsnorm -> add,6,0.011428981819040257,1.0
linear_proj_up -> tanh,6,0.012563938058728024,0.8333333333333334
block_sparse_linear -> split2,6,0.01416604913507767,0.8333333333333334
input -> tropical_gate,6,0.014374076459615364,1.0
concat -> tropical_add,6,0.01410705362023149,1.0
linear_proj_up -> geometric_product,6,0.013197445731857826,1.0
tropical_router -> add,5,0.01366228680425276,1.0
input -> hyperbolic_norm,5,0.01330248762495353,1.0
ultrametric_attention -> add,5,0.013934584200371839,1.0
swiglu_mlp -> split2,5,0.011089266722565517,0.4
split2 -> conv1d_seq,5,0.011407805019146663,0.4
shared_basis_proj -> linear_proj_down,5,0.014189649099749266,1.0
split2 -> grade_select,5,0.012129543428164396,0.8
split2 -> fused_linear_gelu,5,0.011552387748925856,0.6
linear_proj_up -> token_merging,5,0.013174566281594361,0.6
padic_residual -> add,5,0.013497042043604532,1.0
tropical_moe -> split2,5,0.013772788234450276,1.0
grouped_linear -> concat,5,0.01332633214626828,1.0
tropical_attention -> add,5,0.014708773999748893,1.0
concat -> moe_2expert,5,0.011814195419708528,0.8
input -> transpose_sd,5,0.01473023021895618,1.0
transpose_sd -> add,5,0.014127419301874717,1.0
linear_proj -> exp,5,0.011534421498279837,0.8
split2 -> log_map,5,0.013802315272587231,0.8
log_map -> concat,5,0.013802315272587231,0.8
concat -> block_sparse_linear,5,0.01294045797479346,1.0
input -> relu_gate_routing,5,0.011986186919365776,0.8
sigmoid_norm -> add,5,0.01213807691849548,1.0
group_norm -> add,5,0.012169682575279622,0.8
add -> selective_scan,5,0.01096005768187229,0.8
square -> linear_proj_down,5,0.012293644792417752,0.4
abs -> add,5,0.012028289458594627,1.0
neg -> add,5,0.013270847592188231,1.0
tanh -> add,5,0.011924643597516292,0.8
spike_rate_code -> linear_proj_down,5,0.013968691610487579,1.0
linear_proj_up -> grade_select,5,0.01267809365338192,0.8
geometric_product -> add,5,0.013356476918406001,1.0
input -> hyp_tangent_nonlinear,5,0.014491731808325881,0.8
geometric_product -> bottleneck_proj,5,0.010054970891508443,0.8
tropical_add -> add,5,0.013164536784715566,1.0
poincare_add -> tropical_matmul,5,0.013962374930550067,1.0
geometric_product -> linear_proj_down,5,0.01263049102384696,0.6
linear_proj_up -> poincare_add,5,0.013824435719067113,1.0
add -> layernorm,4,0.011304530203882411,0.75
padic_residual -> grouped_linear,4,0.013319394082632755,1.0
poincare_add -> low_rank_proj,4,0.015336135925970724,1.0
bottleneck_proj -> tied_proj,4,0.011574606174187051,0.75
bottleneck_proj -> ultrametric_attention,4,0.013906537081676206,1.0
concat -> abs,4,0.014333565057888097,0.75
linear_proj_up -> cascade,4,0.0114173094331983,0.5
cascade -> add,4,0.012342420422689574,0.5
tropical_add -> tied_proj,4,0.013685464269687102,0.75
rotor_transform -> tropical_add,4,0.013028791346498942,1.0
fixed_point_iter -> add,4,0.011545486244097996,0.75
relu -> conv1d_seq,4,0.010851459467526355,0.25
rotor_transform -> shared_basis_proj,4,0.014810770990339138,1.0
concat -> grade_select,4,0.011460484788231693,0.5
linear_proj_up -> padic_residual,4,0.01451929282961555,1.0
tropical_matmul -> linear_proj,4,0.014336369193228648,0.75
concat -> tropical_matmul,4,0.014935445402560445,1.0
split2 -> tropical_matmul,4,0.014543737455488972,0.75
tropical_matmul -> concat,4,0.014543737455488972,0.75
padic_residual -> concat,4,0.015672898304984084,1.0
split2 -> poincare_add,4,0.013970480804917161,1.0
concat -> concat,4,0.013119692534681043,0.75
input -> adaptive_recursion,4,0.012332490866053522,1.0
tropical_router -> poincare_add,4,0.014393155368610142,1.0
input -> graph_attention,4,0.014876351543243127,1.0
poincare_add -> split2,4,0.01273995269385715,1.0
linear_proj -> concat,4,0.011776449780534005,1.0
concat -> split2,4,0.012275492005334336,1.0
lane_router -> relu,4,0.009720233305301123,0.75
relu -> load_balance_loss,4,0.009720233305301123,0.75
load_balance_loss -> add,4,0.009720233305301123,0.75
ultrametric_attention -> split2,4,0.012305116508139851,1.0
moe_2expert -> split2,4,0.015924969029667505,1.0
input -> exp_map,4,0.01357296039807141,0.75
block_sparse_linear -> concat,4,0.013465920886845957,0.75
input -> local_window_attn,4,0.013257966896764804,1.0
add -> latent_attention_compressor,4,0.012111804486001155,0.75
ternary_projection -> gelu,4,0.01211200996725188,0.75
input -> softmax_last,4,0.015013034747641478,1.0
sqrt -> progressive_compression_gate,4,0.014502548232229327,1.0
linear_proj_down -> semi_structured_2_4_linear,4,0.012901635325517977,1.0
layernorm_pre -> add,4,0.011955945235593296,1.0
sigmoid -> add,4,0.013058225507793066,1.0
add -> sigmoid,4,0.013182978150910787,1.0
input -> softmax_attention,4,0.013374141660151216,1.0
input -> no_norm,4,0.011932539969939374,0.75
conv1d_seq -> add,4,0.012492248227998364,1.0
progressive_compression_gate -> rmsnorm,4,0.009747318710224256,0.75
add -> nm_sparse_linear,4,0.009701503963820393,0.75
linear_proj_up -> block_sparse_linear,4,0.013843147007474844,0.75
input -> neg,4,0.012356426963635812,1.0
padic_gate -> tropical_add,4,0.01041834237819659,0.5
linear_proj -> spike_rate_code,4,0.010560794832656891,0.75
input -> tropical_center,4,0.014165170506380567,0.75
lif_neuron -> geometric_product,4,0.011325169098283792,0.5
exp_map -> linear_proj_down,4,0.013732757305130882,0.75
split2 -> ultrametric_attention,4,0.013950357043838886,1.0
ultrametric_attention -> concat,4,0.014379932030932728,1.0
ultrametric_attention -> shared_basis_proj,4,0.01393439151582151,0.75
tropical_add -> tropical_add,4,0.013335631319434198,1.0
speculative -> add,4,0.013033483818252032,0.75
concat -> bottleneck_proj,4,0.014029466479692772,1.0
tropical_matmul -> shared_basis_proj,4,0.013582158830690604,1.0
maximum -> add,4,0.01301756598381908,0.75
rmsnorm -> semi_structured_2_4_linear,3,0.012118528607399667,0.6666666666666666
input -> cos,3,0.012531967357040588,1.0
cos -> linear_proj,3,0.01223942266317482,1.0
sin -> linear_proj,3,0.012328696507711316,1.0
concat -> tropical_attention,3,0.014593196352190668,1.0
tropical_attention -> split2,3,0.01580457679293848,1.0
shared_basis_proj -> concat,3,0.013843922473833807,1.0
layernorm -> split2,3,0.012775757720726913,0.6666666666666666
rotor_transform -> split2,3,0.013967554934878564,1.0
split2 -> tropical_add,3,0.015236837241407576,1.0
concat -> tropical_gate,3,0.014682428699990688,1.0
linear_proj_up -> low_rank_proj,3,0.013930872115319438,1.0
concat -> nm_sparse_linear,3,0.012440351220878233,1.0
fused_linear_gelu -> concat,3,0.010304458745407419,0.3333333333333333
token_merging -> add,3,0.012612921773461115,0.3333333333333333
sqrt -> linear_proj_down,3,0.012791963176241745,1.0
concat -> linear_attention,3,0.014374348138385382,0.6666666666666666
linear_proj -> tied_proj,3,0.012825965657682745,0.6666666666666666
tropical_router -> tropical_matmul,3,0.014400070432304976,0.6666666666666666
linear_attention -> add,3,0.013814294610328412,0.6666666666666666
tropical_add -> shared_basis_proj,3,0.013483748029685272,1.0
add -> linear_proj_up,3,0.011809066652672819,1.0
shared_basis_proj -> padic_gate,3,0.01305889342433645,1.0
conv_only -> add,3,0.012005797348126485,1.0
input -> rmsnorm_pre,3,0.012216407722258132,1.0
low_rank_proj -> split2,3,0.014377549474825233,1.0
concat -> grouped_linear,3,0.012937805076074088,0.6666666666666666
split3 -> learnable_scale,3,0.013794075868042738,0.6666666666666666
split2 -> clifford_attention,3,0.013312692817242984,1.0
poincare_add -> tied_proj,3,0.013513487307542087,1.0
concat -> low_rank_proj,3,0.013498350951372008,1.0
tropical_moe -> tropical_gate,3,0.012479999784069294,1.0
padic_gate -> grouped_linear,3,0.013739009028256139,0.6666666666666666
neg -> concat,3,0.01246679515224368,0.6666666666666666
padic_gate -> add,3,0.013322597307502404,1.0
rmsnorm -> relu_gate_routing,3,0.01008053100135011,0.6666666666666666
add -> bottleneck_proj,3,0.01008053100135011,0.6666666666666666
concat -> geometric_product,3,0.010987288684774636,1.0
layernorm -> selective_scan,3,0.010552372116332774,0.6666666666666666
concat -> semi_structured_2_4_linear,3,0.012607259518443414,1.0
add -> sin,3,0.01241674166286305,1.0
split2 -> lif_neuron,3,0.014527098352850439,1.0
lif_neuron -> concat,3,0.014527098352850439,1.0
concat -> progressive_compression_gate,3,0.013102189469601587,1.0
poincare_add -> concat,3,0.014223902699375164,1.0
token_type_classifier -> lane_router,3,0.009240941178752333,0.6666666666666666
linear_proj -> relu_gate_routing,3,0.008959324716322855,0.6666666666666666
layernorm -> nm_sparse_linear,3,0.012698047346834612,1.0
swiglu_mlp -> linear_proj,3,0.010556978784756246,0.6666666666666666
concat -> rwkv_channel,3,0.01363536313745757,0.6666666666666666
grouped_linear -> poincare_add,3,0.013371691977429483,1.0
split2 -> bottleneck_proj,3,0.01484022880545921,1.0
input -> log,3,0.013142361470111137,1.0
learnable_scale -> linear_proj_up,3,0.010431415191951149,1.0
linear_proj_up -> abs,3,0.010431415191951149,1.0
abs -> layernorm,3,0.010431415191951149,1.0
rmsnorm_pre -> no_norm,3,0.013346234040953843,1.0
input -> token_pool_restore,3,0.011849908415484972,0.6666666666666666
add -> gelu,3,0.011675925905088579,0.6666666666666666
gelu -> semi_structured_2_4_linear,3,0.011356668926175822,0.6666666666666666
dynamic_norm -> gelu,3,0.012320207518813487,0.6666666666666666
moe_topk -> neg,3,0.01104405408194879,1.0
semi_structured_2_4_linear -> moe_2expert,3,0.013518966472418627,1.0
gated_linear -> gated_linear,3,0.012193478582688669,0.6666666666666666
gated_linear -> nm_sparse_linear,3,0.012193478582688669,0.6666666666666666
nm_sparse_linear -> topk_gate,3,0.012193478582688669,0.6666666666666666
add -> semi_structured_2_4_linear,3,0.014216269752530134,1.0
moe_topk -> topk_gate,3,0.010565690401077512,1.0
topk_gate -> block_sparse_linear,3,0.010927341240422666,1.0
sqrt -> add,3,0.013264097651163835,1.0
gelu -> gated_linear,3,0.011432038380976702,0.6666666666666666
gated_linear -> square,3,0.010141716689637844,0.6666666666666666
sliding_window_mask -> linear_proj_up,3,0.014146259537664017,1.0
input -> conv_only,3,0.014678085668506216,1.0
sin -> ternary_projection,3,0.01235044155334295,1.0
log -> add,3,0.011250034869372849,1.0
abs -> gated_linear,3,0.011299504638995927,0.6666666666666666
ternary_projection -> concat,3,0.014922304606914932,1.0
input -> fixed_point_iter,3,0.013554142334281276,0.6666666666666666
linear_proj -> sigmoid_norm,3,0.011277144571026571,1.0
block_sparse_linear -> linear_proj,3,0.012788702230526002,1.0
gated_linear -> linear_proj_up,3,0.0149298532135247,1.0
add -> topk_gate,3,0.013885383119085026,1.0
block_sparse_linear -> ternary_projection,3,0.01280329601422518,1.0
latent_attention_compressor -> linear_proj_up,3,0.010614164825895838,0.6666666666666666
block_sparse_linear -> linear_proj_down,3,0.01313578878932877,1.0
sigmoid -> linear_proj_down,3,0.013507082429140784,1.0
tropical_add -> linear_proj,3,0.010185448124035767,0.6666666666666666
spike_rate_code -> linear_proj_up,3,0.010185448124035767,0.6666666666666666
linear_proj_down -> rwkv_channel,3,0.010185448124035767,0.6666666666666666
split2 -> tied_proj,3,0.013367878097111279,1.0
linear_proj -> split2,3,0.01490910249009634,1.0
linear_proj_down -> linear_proj_down,3,0.01326998376720734,1.0
progressive_compression_gate -> split2,3,0.014003736273711842,1.0
concat -> spike_rate_code,3,0.01262588273869858,1.0
grade_select -> linear_proj_down,3,0.015535347781203518,1.0
linear_proj_down -> split2,3,0.013398582146719488,1.0
linear_proj_down -> tropical_matmul,3,0.014246758248475247,0.6666666666666666
conv1d_seq -> linear_proj_down,3,0.013569797078586576,1.0
input -> stdp_attention,3,0.013539908353162447,1.0
tropical_add -> linear_proj_up,3,0.011168194146055382,0.6666666666666666
tropical_matmul -> grade_select,3,0.013322848681466035,1.0
low_rank_proj -> linear_proj_down,3,0.013663684130371223,1.0
tropical_add -> latent_attention_compressor,3,0.01553272081666735,1.0
latent_attention_compressor -> split2,3,0.011264764679732824,0.6666666666666666
tropical_attention -> tropical_add,3,0.014081539302510103,1.0
learnable_bias -> linear_proj_down,3,0.013533326764339016,0.6666666666666666
mod_topk -> linear_proj_down,3,0.012813331656537566,0.6666666666666666
input -> matmul,3,0.013536271378573933,1.0
tropical_add -> tropical_matmul,3,0.014802423959207231,1.0
minimum -> split2,3,0.01180442202746281,0.6666666666666666
nm_sparse_linear -> split2,3,0.01477131232101797,1.0
padic_residual -> tropical_matmul,3,0.012463336252349981,1.0
lif_neuron -> linear_proj_up,3,0.010502121730012852,0.6666666666666666
tropical_matmul -> linear_proj_down,3,0.015072865706119978,1.0
low_rank_proj -> geometric_product,3,0.011922459033218919,1.0
input -> rope_rotate,3,0.013200281329921959,1.0
hyperbolic_norm -> padic_residual,3,0.012926661324228449,1.0
linear_proj_up -> outer_product,3,0.012568827528639656,0.6666666666666666
mul -> linear_proj_down,3,0.013565444797716646,1.0
split2 -> tropical_center,3,0.014389576724113477,1.0
tropical_center -> concat,3,0.014389576724113477,1.0
tropical_matmul -> grouped_linear,3,0.014635327466721524,1.0
bottleneck_proj -> poincare_add,3,0.014369030668610549,1.0
linear_proj_up -> tropical_attention,3,0.013795815709089216,1.0
shared_basis_proj -> split2,3,0.014572933368756027,1.0
grade_select -> split2,3,0.015711716225433242,1.0
tropical_matmul -> tropical_gate,3,0.013950396944592193,1.0
sin -> block_sparse_linear,2,0.014800023507967476,1.0
linear_proj -> poincare_add,2,0.01473704140974883,1.0
tropical_moe -> maximum,2,0.014064137731336433,1.0
silu -> add,2,0.014339802103562315,1.0
tied_proj -> poincare_add,2,0.014255527750425134,1.0
grade_mix -> swiglu_mlp,2,0.010563984621839162,0.5
low_rank_proj -> bottleneck_proj,2,0.014143191444720468,1.0
latent_attention_compressor -> linear_proj,2,0.01424214294018838,1.0
rmsnorm -> latent_attention_compressor,2,0.014592663710892642,1.0
low_rank_proj -> ultrametric_attention,2,0.013503702039504087,1.0
maximum -> low_rank_proj,2,0.013596532773647241,1.0
rwkv_channel -> tropical_gate,2,0.012851262473404707,1.0
ternary_projection -> poincare_add,2,0.010928586273966492,0.5
clifford_attention -> bottleneck_proj,2,0.01425967339414494,1.0
bottleneck_proj -> rotor_transform,2,0.012821281728483538,1.0
bottleneck_proj -> token_merge,2,0.013650735927503883,1.0
token_merge -> add,2,0.013598984209370876,1.0
low_rank_proj -> tropical_add,2,0.013999928650297375,1.0
tropical_add -> grouped_linear,2,0.013079515950776655,1.0
progressive_compression_gate -> shared_basis_proj,2,0.014526310219768187,1.0
low_rank_proj -> tied_proj,2,0.013232667757097964,1.0
bottleneck_proj -> adaptive_recursion,2,0.013828371016807098,1.0
shared_basis_proj -> tropical_attention,2,0.013818776822139302,1.0
concat -> softmax_attention,2,0.014324094429146148,1.0
adaptive_recursion -> split2,2,0.013174896528952592,1.0
input -> padic_expand,2,0.0141419268693741,1.0
concat -> basis_expansion,2,0.015152492122442386,1.0
split2 -> speculative,2,0.012360895700056137,0.5
speculative -> concat,2,0.012360895700056137,0.5
tropical_add -> concat,2,0.015224805895823222,1.0
tropical_add -> topk_gate,2,0.013872970976783191,1.0
sin -> split2,2,0.01629994169051089,1.0
linear_proj_up -> fixed_point_iter,2,0.014511742827746992,1.0
concat -> tied_proj,2,0.014165533511316171,1.0
input -> convolutional,2,0.01371351209427726,1.0
concat -> exp_map,2,0.015653078812226225,1.0
split2 -> tropical_router,2,0.014751631614980738,0.5
minimum -> add,2,0.010973314383156154,1.0
semi_structured_2_4_linear -> split2,2,0.012218181903378249,1.0
concat -> gated_linear,2,0.010956028989398982,1.0
split2 -> outer_product,2,0.013627502077100244,1.0
outer_product -> concat,2,0.013627502077100244,1.0
poincare_add -> poincare_add,2,0.01338332166950892,1.0
input -> alibi,2,0.01391148429042816,1.0
gelu -> progressive_compression_gate,2,0.010507771852173439,0.5
shared_basis_proj -> spike_rate_code,2,0.013169824062335017,1.0
graph_attention -> split2,2,0.014725622074326922,1.0
concat -> neg,2,0.014741555450318774,1.0
tropical_gate -> integral_kernel,2,0.01348102457123553,1.0
grouped_linear -> split3,2,0.012410423188729314,0.5
split3 -> neg,2,0.012410423188729314,0.5
split3 -> tropical_gate,2,0.012410423188729314,0.5
split2 -> split2,2,0.011861033118547196,1.0
tropical_moe -> padic_gate,2,0.013777359485271978,1.0
low_rank_proj -> padic_residual,2,0.012938700049299583,1.0
grade_mix -> tied_proj,2,0.013759046580354154,1.0
hyperbolic_norm -> concat,2,0.012181382940276372,1.0
moe_2expert -> tropical_matmul,2,0.014855267878465458,1.0
concat -> integral_kernel,2,0.014681759067158304,1.0
add -> exp_map,2,0.013317173772926724,0.5
tied_proj -> grade_mix,2,0.013523820117697493,1.0
padic_gate -> split2,2,0.012357547550737107,1.0
split2 -> low_rank_proj,2,0.011821397760556858,1.0
low_rank_proj -> concat,2,0.011821397760556858,1.0
split2 -> add,2,0.011428370599914934,1.0
split2 -> linear_proj,2,0.01169186644252081,1.0
rotor_transform -> add,2,0.011917993058444591,1.0
split2 -> hyp_linear,2,0.015224179446602152,1.0
add -> minimum,2,0.010898772217810927,1.0
add -> relu_gate_routing,2,0.015360206696093816,1.0
add -> split2,2,0.013711427275178522,1.0
rmsnorm -> split2,2,0.012678418446418779,1.0
tied_proj -> concat,2,0.01212698400846654,1.0
tropical_router -> split2,2,0.013521730283047876,1.0
rmsnorm -> block_sparse_linear,2,0.013516920940695894,1.0
layernorm_pre -> swiglu_mlp,2,0.01063818215188279,0.5
log -> fused_linear_gelu,2,0.01298039386195805,1.0
log -> ternary_projection,2,0.01298039386195805,1.0
fused_linear_gelu -> add,2,0.01298039386195805,1.0
add -> rwkv_channel,2,0.01298039386195805,1.0
learnable_scale -> relu,2,0.013101791967830468,1.0
layernorm -> cos,2,0.013167107336190535,1.0
linear_proj -> latent_attention_compressor,2,0.011854284326380655,1.0
moe_topk -> conv1d_seq,2,0.009289499534511737,1.0
conv1d_seq -> block_sparse_linear,2,0.010804127607314199,1.0
no_norm -> topk_gate,2,0.015278804296205933,1.0
topk_gate -> sliding_window_mask,2,0.015278804296205933,1.0
sliding_window_mask -> progressive_compression_gate,2,0.015278804296205933,1.0
linear_proj_down -> tanh,2,0.0126681783120195,1.0
tanh -> moe_2expert,2,0.0126681783120195,1.0
progressive_compression_gate -> ternary_projection,2,0.014232369625258154,1.0
moe_topk -> no_norm,2,0.013139059274406052,1.0
token_pool_restore -> no_norm,2,0.011352727420446948,0.5
token_pool_restore -> layernorm,2,0.011352727420446948,0.5
add -> group_norm,2,0.011352727420446948,0.5
semi_structured_2_4_linear -> conv1d_seq,2,0.011352727420446948,0.5
conv1d_seq -> nm_sparse_linear,2,0.010539475628529492,0.5
input -> sigmoid_norm,2,0.013188979160350755,1.0
softmax_last -> add,2,0.014430101365602311,1.0
sin -> latent_attention_compressor,2,0.014725286404483,1.0
neg -> fused_linear_gelu,2,0.015003668744219302,1.0
fused_linear_gelu -> moe_2expert,2,0.014971453082547322,1.0
moe_2expert -> ternary_projection,2,0.012051975757033173,0.5
cos -> linear_proj_up,2,0.017121346804678552,1.0
selective_scan -> group_norm,2,0.01265797669816267,1.0
selective_scan -> token_type_classifier,2,0.01265797669816267,1.0
group_norm -> relu,2,0.01265797669816267,1.0
layernorm -> linear_proj_up,2,0.010777531230232354,1.0
exp -> add,2,0.013281871397083504,1.0
linear_proj -> softmax_attention,2,0.013169916434195697,1.0
linear_attention -> gated_linear,2,0.013586555833213634,1.0
linear_proj -> sqrt,2,0.01191132160008812,1.0
sqrt -> gated_linear,2,0.01191132160008812,1.0
linear_proj_down -> relu_gate_routing,2,0.01300959538989848,1.0
layernorm -> moe_topk,2,0.008470997554394412,1.0
dynamic_norm -> fused_linear_gelu,2,0.012917679084639012,1.0
fused_linear_gelu -> sigmoid,2,0.012917679084639012,1.0
abs -> no_norm,2,0.013477411821045678,1.0
sin -> linear_proj_up,2,0.012990524746625143,1.0
sigmoid -> block_sparse_linear,2,0.013926336176233874,1.0
add -> softmax_attention,2,0.013926336176233874,1.0
softmax_attention -> semi_structured_2_4_linear,2,0.015352648344482533,1.0
semi_structured_2_4_linear -> dynamic_norm,2,0.014352447857466184,1.0
dynamic_norm -> linear_proj_down,2,0.014352447857466184,1.0
linear_proj_down -> sliding_window_mask,2,0.014352447857466184,1.0
relu_gate_routing -> latent_attention_compressor,2,0.012124460075651652,1.0
abs -> relu,2,0.012349253317778974,1.0
relu -> sqrt,2,0.013300879258660702,1.0
moe_topk -> abs,2,0.012186876514794377,1.0
no_norm -> relu_gate_routing,2,0.011466404239838534,0.5
relu_gate_routing -> no_norm,2,0.011466404239838534,0.5
no_norm -> ternary_projection,2,0.011466404239838534,0.5
conv_only -> linear_attention,2,0.01568075616917966,1.0
linear_attention -> softmax_last,2,0.01568075616917966,1.0
ternary_projection -> square,2,0.01180535802386861,1.0
square -> token_type_classifier,2,0.01180535802386861,1.0
add -> abs,2,0.01097549561178033,1.0
sin -> abs,2,0.012439620125587702,1.0
sin -> graph_attention,2,0.012439620125587702,1.0
sigmoid -> log,2,0.012439620125587702,1.0
learnable_bias -> nm_sparse_linear,2,0.016393636840557883,1.0
dynamic_norm -> relu,2,0.009710591228744191,1.0
relu -> gated_linear,2,0.011686299969744272,1.0
add -> token_type_classifier,2,0.01166917143959638,1.0
token_type_classifier -> gated_linear,2,0.014154559434683515,1.0
input -> linear_attention,2,0.013452128015799508,1.0
linear_attention -> semi_structured_2_4_linear,2,0.014002786175292813,1.0
split2 -> ternary_projection,2,0.014220514428630655,1.0
dynamic_norm -> sin,2,0.01263527757906777,1.0
input -> causal_mask,2,0.014902131885939744,1.0
latent_attention_compressor -> sin,2,0.012591770086176679,1.0
selective_scan -> latent_attention_compressor,2,0.013595426841221746,1.0
block_sparse_linear -> token_type_classifier,2,0.013877484411413232,1.0
progressive_compression_gate -> silu,2,0.013408050435414442,1.0
rmsnorm -> linear_proj,2,0.009994118502777097,1.0
learnable_bias -> layernorm,2,0.010848934498061007,1.0
ternary_projection -> progressive_compression_gate,2,0.014195735801059522,1.0
linear_proj_up -> token_type_classifier,2,0.014195735801059522,1.0
sin -> moe_topk,2,0.011315473266308539,1.0
linear_proj -> progressive_compression_gate,2,0.012584848954107549,1.0
block_sparse_linear -> block_sparse_linear,2,0.012500170877070775,1.0
linear_proj -> linear_proj_down,2,0.01110101774437548,1.0
progressive_compression_gate -> neg,2,0.009766316641685494,1.0
neg -> cos,2,0.009766316641685494,1.0
nm_sparse_linear -> progressive_compression_gate,2,0.007296676641858122,0.5
topk_gate -> linear_proj,2,0.01176770370460591,1.0
silu -> learnable_scale,2,0.011240993828588059,1.0
progressive_compression_gate -> moe_topk,2,0.012010330693862363,1.0
causal_mask -> linear_proj_up,2,0.013110063499913088,1.0
gated_linear -> ternary_projection,2,0.013628299635131614,1.0
layernorm -> swiglu_mlp,2,0.013035812932298992,1.0
add -> log,2,0.01319877193094712,1.0
log -> topk_gate,2,0.01319877193094712,1.0
moe_2expert -> relu,2,0.011606366819820385,1.0
group_norm -> linear_proj,2,0.011857093424385817,1.0
semi_structured_2_4_linear -> linear_proj_down,2,0.012189671704758537,1.0
linear_proj_down -> rmsnorm_pre,2,0.012189671704758537,1.0
linear_proj_down -> sin,2,0.013325569340859135,1.0
moe_2expert -> gelu,2,0.013823481924475248,1.0
learnable_bias -> token_type_classifier,2,0.015494820147278654,1.0
cos -> add,2,0.015595898548120126,1.0
learnable_scale -> relu_gate_routing,2,0.013858124459647632,1.0
relu_gate_routing -> token_type_classifier,2,0.013858124459647632,1.0
token_type_classifier -> token_type_classifier,2,0.013858124459647632,1.0
learnable_bias -> swiglu_mlp,2,0.00965038656606581,0.5
selective_scan -> layernorm,2,0.00965038656606581,0.5
ternary_projection -> tanh,2,0.00965038656606581,0.5
ternary_projection -> selective_scan,2,0.00965038656606581,0.5
cos -> conv1d_seq,2,0.008277365658711944,1.0
input -> silu,2,0.01330932918347023,1.0
nm_sparse_linear -> ternary_projection,2,0.013217745649465068,1.0
ternary_projection -> block_sparse_linear,2,0.01330932918347023,1.0
block_sparse_linear -> moe_2expert,2,0.009506828740364986,1.0
linear_proj_up -> silu,2,0.01115492528920273,1.0
sin -> linear_proj_down,2,0.0128669183001943,1.0
hyp_tangent_nonlinear -> tropical_attention,2,0.014081310979776027,0.5
linear_proj_down -> grade_select,2,0.014214064255897722,0.5
grade_select -> tropical_matmul,2,0.014214064255897722,0.5
concat -> learnable_scale,2,0.014530056167599491,1.0
block_sparse_linear -> speculative,2,0.012959106777366912,1.0
grade_mix -> lif_neuron,2,0.010383912929411866,0.5
lif_neuron -> minimum,2,0.010383912929411866,0.5
minimum -> rwkv_channel,2,0.010383912929411866,0.5
ultrametric_attention -> moe_2expert,2,0.015085113903685003,1.0
tropical_center -> add,2,0.012613063493015803,0.5
tropical_router -> linear_proj_down,2,0.011890657889129826,0.5
integral_kernel -> geometric_product,2,0.0077269964764478186,0.5
bottleneck_proj -> fixed_point_iter,2,0.0077269964764478186,0.5
input -> div_safe,2,0.012820624886585304,1.0
causal_mask -> split2,2,0.01397618351954185,1.0
grade_select -> maximum,2,0.012633962571565049,1.0
grade_mix -> grade_mix,2,0.010804039817840009,0.5
geometric_product -> abs,2,0.010010433490229082,0.5
abs -> linear_proj_down,2,0.010010433490229082,0.5
sub -> linear_proj_down,2,0.01366064490350742,1.0
tied_proj -> tropical_add,2,0.011227337519786496,0.5
grade_select -> linear_proj,2,0.011227337519786496,0.5
ternary_projection -> grade_mix,2,0.010579644775157677,0.5
ternary_projection -> maximum,2,0.010579644775157677,0.5
grade_mix -> maximum,2,0.010579644775157677,0.5
grade_mix -> linear_proj_down,2,0.014791387233941392,1.0
learnable_bias -> split2,2,0.0150660543356139,1.0
linear_proj_down -> spike_rate_code,2,0.011212254707044341,1.0
spike_rate_code -> linear_proj,2,0.011401347527967662,1.0
tropical_attention -> tropical_matmul,2,0.013285942395181192,1.0
input -> cosine_similarity,2,0.015157377265683345,1.0
token_merging -> bottleneck_proj,2,0.0150806008364371,1.0
linear_proj_up -> shared_basis_proj,2,0.013654858170487852,1.0
geometric_product -> tropical_add,2,0.012663147494252739,1.0
mul -> shared_basis_proj,2,0.014897278794666062,1.0
tanh -> learnable_bias,2,0.014041024104677263,0.5
concat -> causal_mask,2,0.014041024104677263,0.5
neg -> geometric_product,2,0.01372557391001483,1.0
grade_mix -> square,2,0.01062246330384281,0.5
square -> speculative,2,0.01062246330384281,0.5
speculative -> linear_proj_down,2,0.01062246330384281,0.5
linear_proj_down -> mod_topk,2,0.012368189558199833,0.5
matmul -> linear_proj_down,2,0.013577006540467042,1.0
split2 -> linear_proj_up,2,0.014057994379818072,0.5
linear_proj -> stdp_attention,2,0.014057994379818072,0.5
stdp_attention -> add,2,0.014057994379818072,0.5
matmul -> tropical_matmul,2,0.014941913479368497,1.0
grade_mix -> split2,2,0.011947890705143509,1.0
split2 -> softmax_last,2,0.012834127139311233,1.0
softmax_last -> concat,2,0.012834127139311233,1.0
latent_attention_compressor -> minimum,2,0.010694586800367719,0.5
split2 -> hyperbolic_norm,2,0.010694586800367719,0.5
hyperbolic_norm -> grade_select,2,0.010694586800367719,0.5
shared_basis_proj -> tropical_router,2,0.01399022404053345,1.0
linear_proj -> shared_basis_proj,2,0.013589410369400843,1.0
linear_proj_down -> concat,2,0.014025833943608325,1.0
concat -> selective_scan,2,0.009878435396265067,0.5
sigmoid -> sub,2,0.011231554095896684,0.5
sub -> moe_2expert,2,0.011231554095896684,0.5
concat -> cascade,2,0.01624739535152259,1.0
shared_basis_proj -> geometric_product,2,0.013530778212822192,1.0
linear_proj_up -> learnable_scale,2,0.013908597818041591,1.0
padic_residual -> split2,2,0.015442097098734862,1.0
nm_sparse_linear -> tropical_add,2,0.013129360962696408,1.0
sub -> split2,2,0.0160049116208092,1.0
bottleneck_proj -> geometric_product,2,0.013068029906156364,1.0
geometric_product -> tropical_gate,2,0.01130700950105135,1.0
tropical_matmul -> tied_proj,2,0.013029662031683306,1.0
tropical_matmul -> ternary_projection,2,0.012939832077989323,1.0
low_rank_proj -> tropical_router,2,0.014301957197294107,1.0
tropical_matmul -> maximum,2,0.013975864565186784,1.0
maximum -> spike_rate_code,2,0.013132157458644869,1.0
spike_rate_code -> geometric_product,2,0.012037730946593148,1.0
padic_residual -> linear_proj_up,2,0.012471159994930408,1.0
padic_gate -> padic_residual,2,0.016616452466843974,1.0
linear_proj_up -> tropical_moe,2,0.013043195298713926,1.0
poincare_add -> grade_mix,2,0.01526107681931164,1.0
grouped_linear -> linear_proj_down,2,0.013730499373509342,1.0
geometric_product -> spike_rate_code,2,0.01410710201001575,1.0
geometric_product -> tropical_matmul,2,0.014299348889060207,1.0
spike_rate_code -> tropical_matmul,2,0.01388068004823308,1.0
poincare_add -> padic_gate,2,0.014695528239396962,1.0
lif_neuron -> mul,2,0.0142532291219671,1.0
concat -> padic_residual,2,0.013823984802875843,1.0
hyp_linear -> geometric_product,2,0.011587991613242005,1.0
selective_scan -> linear_proj_down,2,0.011592185641642702,1.0
rope_rotate -> split2,2,0.014727450747830995,1.0
tropical_moe -> concat,2,0.013934366030024296,1.0
fused_linear_gelu -> ternary_projection,2,0.015690667215888163,1.0
bottleneck_proj -> tropical_matmul,2,0.013992917863343522,1.0
tropical_matmul -> sub,2,0.014270817500693693,1.0
rotor_transform -> outer_product,2,0.012433512902233969,1.0
geometric_product -> split2,2,0.01352514073717967,1.0
hyp_tangent_nonlinear -> padic_residual,2,0.012928414245758966,1.0
low_rank_proj -> tropical_moe,2,0.013731041985772428,1.0
padic_residual -> linear_proj_down,2,0.0131324326516221,1.0
minimum -> tropical_add,2,0.012776951819300823,1.0
outer_product -> add,2,0.01160735207449581,0.5
sliding_window_mask -> linear_proj_down,2,0.013740781485438865,1.0
learnable_scale -> linear_proj_down,2,0.01376990196693293,1.0
input -> speculative,2,0.015466528045886697,1.0
tropical_gate -> split2,2,0.013822083905436622,1.0
tropical_gate -> bottleneck_proj,2,0.0142328853848295,1.0
bottleneck_proj -> grade_select,2,0.014209329780244521,1.0
tropical_router -> padic_residual,2,0.01430166531146888,1.0
padic_residual -> tropical_add,2,0.013231774233281405,1.0
spike_rate_code -> tropical_moe,2,0.013196661347264924,1.0
tropical_moe -> tropical_add,2,0.011999169186069544,1.0
lif_neuron -> ultrametric_attention,2,0.014431649849879637,1.0
tropical_moe -> grouped_linear,2,0.014073300648268994,1.0
concat -> ultrametric_attention,2,0.013446331597504795,1.0
ultrametric_attention -> grouped_linear,2,0.014937199193316465,1.0
linear_proj_down -> padic_gate,2,0.012860651941700902,0.5
padic_gate -> linear_proj,2,0.012860651941700902,0.5
linear_proj_up -> tropical_add,2,0.014839706693828697,1.0
grade_mix -> mod_topk,2,0.014516024856462868,1.0
padic_residual -> low_rank_proj,2,0.013347409914902793,1.0
input -> sign_ste,2,0.013788356244323778,1.0
mod_topk -> add,2,0.015054265502032486,1.0
selective_scan -> tropical_matmul,2,0.015305656717548173,1.0
tropical_router -> tropical_add,2,0.014213932017309036,1.0
split2 -> tropical_moe,2,0.014245628032740012,1.0
maximum -> split2,2,0.014873533458099018,1.0
maximum -> grouped_linear,2,0.013609896452918616,1.0
grade_mix -> tropical_add,2,0.014088211546919204,1.0
poincare_add -> linear_proj_down,2,0.013626990966388548,1.0
tropical_matmul -> split2,2,0.013868020957009402,1.0
add -> linear_proj_down,2,0.010753919637140685,0.5
concat -> speculative,2,0.01403184667839413,0.5
fused_linear_gelu -> tropical_matmul,2,0.014350112483996914,0.5
tropical_matmul -> conv1d_seq,2,0.014350112483996914,0.5
tropical_matmul -> geometric_product,2,0.014350112483996914,0.5
conv1d_seq -> geometric_product,2,0.014350112483996914,0.5
linear_proj_up -> sliding_window_mask,2,0.014350112483996914,0.5
sliding_window_mask -> split2,2,0.014350112483996914,0.5
block_sparse_linear -> abs,2,0.013657257735629244,0.5
abs -> maximum,2,0.013657257735629244,0.5
grade_mix -> bottleneck_proj,2,0.013372091476268286,0.5
linear_proj_down -> topk_gate,2,0.013090459376525771,0.0
topk_gate -> linear_proj_down,2,0.013090459376525771,0.0
layernorm -> softmax_attention,1,0.010681245758480038,0.0
layernorm -> linear_proj,1,0.010681245758480038,0.0
linear_proj -> gelu,1,0.010681245758480038,0.0
gelu -> linear_proj,1,0.010681245758480038,0.0
layernorm -> conv1d_seq,1,0.01148493619559405,0.0
conv1d_seq -> silu,1,0.01148493619559405,0.0
silu -> selective_scan,1,0.01148493619559405,0.0
selective_scan -> gated_linear,1,0.01148493619559405,0.0
sliding_window_mask -> padic_residual,1,0.013215354856944792,1.0
tied_proj -> tropical_router,1,0.015466856031646046,1.0
gated_linear -> spike_rate_code,1,0.009327592720312451,1.0
block_sparse_linear -> grouped_linear,1,0.014922938179068332,1.0
tanh -> grouped_linear,1,0.012794267439439061,1.0
linear_proj_down -> padic_residual,1,0.011037026174937271,1.0
padic_residual -> linear_proj,1,0.011037026174937271,1.0
maximum -> latent_attention_compressor,1,0.014064137731336433,1.0
hyp_linear -> latent_attention_compressor,1,0.0154190056269988,1.0
hyperbolic_norm -> swiglu_mlp,1,0.01230049593636391,1.0
grouped_linear -> swiglu_mlp,1,0.012480563405597863,1.0
grouped_linear -> sub,1,0.012480563405597863,1.0
swiglu_mlp -> conv1d_seq,1,0.012480563405597863,1.0
conv1d_seq -> padic_gate,1,0.012480563405597863,1.0
padic_gate -> sub,1,0.012480563405597863,1.0
sub -> shared_basis_proj,1,0.012480563405597863,1.0
latent_attention_compressor -> silu,1,0.014963803400952281,1.0
tied_proj -> tied_proj,1,0.013339182469198461,1.0
block_sparse_linear -> spike_rate_code,1,0.010820388481158346,1.0
integral_kernel -> tropical_attention,1,0.015046192079451333,1.0
tied_proj -> low_rank_proj,1,0.01424219309964134,1.0
poincare_add -> progressive_compression_gate,1,0.011555823788001624,1.0
moe_2expert -> low_rank_proj,1,0.012085216639558107,1.0
clifford_attention -> low_rank_proj,1,0.015440045897236868,1.0
linear_proj_down -> latent_attention_compressor,1,0.011385844823382556,1.0
conv1d_seq -> linear_proj_up,1,0.008644943928691218,1.0
nm_sparse_linear -> swiglu_mlp,1,0.012282786812013193,1.0
swiglu_mlp -> nm_sparse_linear,1,0.012210420585129705,1.0
padic_gate -> maximum,1,0.013763471231967453,1.0
block_sparse_linear -> topk_gate,1,0.012709411375044978,1.0
ultrametric_attention -> low_rank_proj,1,0.015330512382458111,1.0
low_rank_proj -> rotor_transform,1,0.015330512382458111,1.0
semi_structured_2_4_linear -> speculative,1,0.011271280437357728,1.0
tied_proj -> rotor_transform,1,0.013853192531506029,1.0
relu -> bottleneck_proj,1,0.013253006349242747,1.0
grade_mix -> grouped_linear,1,0.016496947287526965,1.0
spike_rate_code -> maximum,1,0.013429594315327028,1.0
progressive_compression_gate -> tropical_router,1,0.0172406421626076,1.0
padic_residual -> bottleneck_proj,1,0.013499532202317322,1.0
grouped_linear -> tropical_matmul,1,0.013042507909209118,1.0
tropical_matmul -> low_rank_proj,1,0.013042507909209118,1.0
grouped_linear -> block_sparse_linear,1,0.013816843600669,1.0
padic_gate -> geometric_product,1,0.014718019569030799,1.0
geometric_product -> nm_sparse_linear,1,0.014718019569030799,1.0
linear_proj_up -> sin,1,0.010644021893950797,1.0
softmax_attention -> grade_mix,1,0.01434412525767882,1.0
split2 -> maximum,1,0.014157209831296874,1.0
learnable_scale -> maximum,1,0.014157209831296874,1.0
maximum -> concat,1,0.014157209831296874,1.0
padic_expand -> split2,1,0.013437611929306328,1.0
basis_expansion -> sigmoid,1,0.013437611929306328,1.0
sigmoid -> linear_proj_up,1,0.013437611929306328,1.0
sqrt -> sliding_window_mask,1,0.015328639655585216,1.0
sliding_window_mask -> grouped_linear,1,0.015328639655585216,1.0
softmax_attention -> poincare_add,1,0.014304063600613476,1.0
sigmoid -> shared_basis_proj,1,0.015443236867923274,1.0
topk_gate -> nm_sparse_linear,1,0.013163041219146543,1.0
linear_proj_up -> conv1d_seq,1,0.013144801210357524,1.0
conv1d_seq -> spike_rate_code,1,0.013144801210357524,1.0
split2 -> gated_linear,1,0.01660246164286996,1.0
gated_linear -> concat,1,0.01660246164286996,1.0
low_rank_proj -> learnable_scale,1,0.014199145651198493,1.0
linear_proj_up -> bottleneck_proj,1,0.013305883406787,1.0
padic_residual -> spike_rate_code,1,0.013487751551547716,1.0
linear_proj_down -> token_merge,1,0.013150087391784368,1.0
gated_linear -> rotor_transform,1,0.01430158773612037,1.0
convolutional -> mul,1,0.015659425931520133,1.0
mul -> split2,1,0.015659425931520133,1.0
grade_select -> relu_gate_routing,1,0.014551444749362505,1.0
relu_gate_routing -> concat,1,0.014551444749362505,1.0
concat -> mixture_embedding,1,0.014551444749362505,1.0
mixture_embedding -> bottleneck_proj,1,0.014551444749362505,1.0
split2 -> cascade,1,0.013605481762068466,1.0
cascade -> concat,1,0.013605481762068466,1.0
topk_gate -> topk_gate,1,0.014582900734419837,1.0
linear_attention -> poincare_add,1,0.013619781185194668,1.0
sigmoid -> bottleneck_proj,1,0.014210366618981285,1.0
ultrametric_attention -> tropical_matmul,1,0.013657050595589606,1.0
tied_proj -> sliding_window_mask,1,0.013657050595589606,1.0
exp_map -> tropical_matmul,1,0.016770585794044522,1.0
linear_proj_up -> ternary_projection,1,0.013591661900096613,1.0
padic_residual -> learnable_scale,1,0.014590499063686105,1.0
linear_proj_up -> integral_kernel,1,0.013979937994909883,1.0
split2 -> basis_expansion,1,0.01666392275830025,1.0
basis_expansion -> padic_residual,1,0.01666392275830025,1.0
concat -> padic_expand,1,0.01666392275830025,1.0
padic_expand -> add,1,0.01666392275830025,1.0
layernorm -> rotor_transform,1,0.013368832161061656,1.0
linear_proj_down -> minimum,1,0.011047856548501383,1.0
lif_neuron -> split2,1,0.015956300631722337,1.0
padic_gate -> conv_only,1,0.015956300631722337,1.0
rmsnorm_pre -> semi_structured_2_4_linear,1,0.010595292402926778,1.0
poincare_add -> outer_product,1,0.013210215121543153,1.0
bottleneck_proj -> bottleneck_proj,1,0.013062652257599672,1.0
shared_basis_proj -> semi_structured_2_4_linear,1,0.016561381226669586,1.0
semi_structured_2_4_linear -> split3,1,0.016561381226669586,1.0
split3 -> adaptive_recursion,1,0.016561381226669586,1.0
split3 -> sin,1,0.016561381226669586,1.0
adaptive_recursion -> concat,1,0.016561381226669586,1.0
square -> alibi,1,0.011685980527935846,1.0
alibi -> linear_proj_up,1,0.011685980527935846,1.0
clifford_attention -> spike_rate_code,1,0.013316014179522731,1.0
adaptive_recursion -> tropical_router,1,0.013591076831888474,1.0
alibi -> grade_select,1,0.013987955323249347,1.0
grade_select -> tied_proj,1,0.013987955323249347,1.0
integral_kernel -> shared_basis_proj,1,0.013726795171106638,1.0
shared_basis_proj -> grade_mix,1,0.013726795171106638,1.0
graph_attention -> poincare_add,1,0.014870447343617234,1.0
grouped_linear -> grouped_linear,1,0.015772409592033722,1.0
tropical_moe -> grade_select,1,0.016573511779523747,1.0
grade_select -> rmsnorm,1,0.016573511779523747,1.0
add -> tropical_attention,1,0.016573511779523747,1.0
token_merging -> tropical_router,1,0.013175566507129368,1.0
input -> learned_absolute,1,0.013683079903101336,1.0
learned_absolute -> grade_mix,1,0.013683079903101336,1.0
tied_proj -> spike_rate_code,1,0.013111536655976233,1.0
split2 -> sign_ste,1,0.009101865947976465,1.0
sign_ste -> hyperbolic_norm,1,0.009101865947976465,1.0
moe_2expert -> geometric_product,1,0.009101865947976465,1.0
poincare_add -> nm_sparse_linear,1,0.012167820559453878,1.0
alibi -> grade_mix,1,0.013835013257606974,1.0
integral_kernel -> tied_proj,1,0.013235253971364424,1.0
moe_2expert -> abs,1,0.013961852978028192,1.0
abs -> tropical_matmul,1,0.013961852978028192,1.0
tropical_matmul -> token_merge,1,0.013961852978028192,1.0
split2 -> padic_expand,1,0.009170985669313469,0.0
split2 -> mul,1,0.009170985669313469,0.0
padic_expand -> mul,1,0.009170985669313469,0.0
mul -> concat,1,0.009170985669313469,0.0
concat -> layernorm,1,0.009170985669313469,0.0
selective_scan -> bottleneck_proj,1,0.009170985669313469,0.0
split2 -> swiglu_mlp,1,0.013064547233874346,1.0
swiglu_mlp -> concat,1,0.013064547233874346,1.0
input -> entropy_router,1,0.01115810968494749,1.0
entropy_router -> lane_router,1,0.01115810968494749,1.0
add -> poincare_add,1,0.012516007552991128,1.0
bottleneck_proj -> learnable_bias,1,0.009474714984935498,1.0
semi_structured_2_4_linear -> maximum,1,0.01361844069145063,1.0
maximum -> rotor_transform,1,0.01361844069145063,1.0
rotor_transform -> low_rank_proj,1,0.01361844069145063,1.0
minimum -> integral_kernel,1,0.013558825806712995,1.0
poincare_add -> moe_2expert,1,0.015169543453912778,1.0
exp_map -> graph_attention,1,0.01389638420217003,1.0
exp_map -> add,1,0.01389638420217003,1.0
tanh -> bottleneck_proj,1,0.011972551210036843,1.0
split2 -> integral_kernel,1,0.011906623383917963,1.0
integral_kernel -> block_sparse_linear,1,0.011906623383917963,1.0
concat -> rotor_transform,1,0.011906623383917963,1.0
hyp_linear -> concat,1,0.013266754653157955,1.0
add -> ultrametric_attention,1,0.015532645635753076,1.0
split2 -> neg,1,0.012579539079272417,1.0
square -> rmsnorm,1,0.011316765575871189,1.0
gelu -> graph_attention,1,0.014775405417875975,1.0
nm_sparse_linear -> transpose_sd,1,0.012755913584318166,1.0
rmsnorm_pre -> swiglu_mlp,1,0.010394572050503157,1.0
convolutional -> split2,1,0.01176759825703439,1.0
split2 -> dynamic_norm,1,0.013680550942792363,1.0
dynamic_norm -> concat,1,0.013680550942792363,1.0
grouped_linear -> low_rank_proj,1,0.01606170064066836,1.0
tropical_router -> block_sparse_linear,1,0.013549839891433569,1.0
square -> rope,1,0.012286178655124356,1.0
rope -> linear_proj_up,1,0.012286178655124356,1.0
local_window_attn -> semi_structured_2_4_linear,1,0.012161485899522383,1.0
gelu -> ternary_projection,1,0.010825880200409619,1.0
ternary_projection -> abs,1,0.010825880200409619,1.0
tropical_router -> split3,1,0.01109654253459596,1.0
split3 -> tied_proj,1,0.01109654253459596,1.0
split3 -> gelu,1,0.01109654253459596,1.0
split3 -> learnable_bias,1,0.01109654253459596,1.0
progressive_compression_gate -> tropical_matmul,1,0.015356625607575485,1.0
tropical_matmul -> no_norm,1,0.015356625607575485,1.0
no_norm -> ultrametric_attention,1,0.015356625607575485,1.0
poincare_add -> ultrametric_attention,1,0.008625559230630582,1.0
grouped_linear -> relu,1,0.010680308222276358,1.0
split2 -> token_pool_restore,1,0.011157646741102952,1.0
token_pool_restore -> concat,1,0.011157646741102952,1.0
tropical_router -> tropical_moe,1,0.01565550480943454,1.0
bottleneck_proj -> concat,1,0.015538104896478352,1.0
padic_gate -> gelu,1,0.013080342343288358,1.0
gelu -> low_rank_proj,1,0.013080342343288358,1.0
low_rank_proj -> rmsnorm,1,0.014843315471084627,1.0
split2 -> causal_mask,1,0.014843315471084627,1.0
causal_mask -> concat,1,0.014843315471084627,1.0
relu -> ternary_projection,1,0.010596946113289199,1.0
ternary_projection -> neg,1,0.010596946113289199,1.0
relu -> layernorm,1,0.01315782536525465,1.0
progressive_compression_gate -> relu,1,0.015659358713344458,1.0
relu_gate_routing -> sigmoid_norm,1,0.01350746272150957,1.0
sigmoid_norm -> linear_proj_down,1,0.01350746272150957,1.0
progressive_compression_gate -> fused_linear_gelu,1,0.013765614026956138,1.0
progressive_compression_gate -> transpose_sd,1,0.013765614026956138,1.0
fused_linear_gelu -> rmsnorm,1,0.013765614026956138,1.0
abs -> progressive_compression_gate,1,0.013013772609723568,1.0
abs -> sigmoid_norm,1,0.013013772609723568,1.0
linear_proj_down -> relu,1,0.010650248050425951,1.0
learnable_bias -> ternary_projection,1,0.015466862015464907,1.0
sigmoid_norm -> abs,1,0.014977773859370856,1.0
abs -> neg,1,0.014977773859370856,1.0
neg -> sigmoid,1,0.014977773859370856,1.0
sigmoid -> sqrt,1,0.014977773859370856,1.0
layernorm_pre -> moe_topk,1,0.016862313856609187,1.0
moe_topk -> sin,1,0.016862313856609187,1.0
sin -> dynamic_norm,1,0.016862313856609187,1.0
relu_gate_routing -> topk_gate,1,0.015187767756434557,1.0
input -> group_norm,1,0.013513880261145365,1.0
group_norm -> neg,1,0.013513880261145365,1.0
group_norm -> topk_gate,1,0.013513880261145365,1.0
square -> nm_sparse_linear,1,0.010550926092637558,1.0
add -> learnable_scale,1,0.010550926092637558,1.0
learnable_scale -> conv_only,1,0.010550926092637558,1.0
transpose_sd -> linear_attention,1,0.016779668612363463,1.0
linear_attention -> causal_mask,1,0.016779668612363463,1.0
causal_mask -> cos,1,0.016779668612363463,1.0
add -> layernorm_pre,1,0.010657297227583492,1.0
layernorm_pre -> progressive_compression_gate,1,0.010657297227583492,1.0
linear_proj_up -> gated_linear,1,0.010190510522831141,1.0
input -> exp,1,0.013596844359324883,1.0
exp -> gated_linear,1,0.013596844359324883,1.0
learnable_bias -> sqrt,1,0.01530481192803857,1.0
learnable_bias -> topk_gate,1,0.01530481192803857,1.0
progressive_compression_gate -> exp,1,0.01530481192803857,1.0
learnable_scale -> gelu,1,0.013176389307126422,1.0
gelu -> layernorm,1,0.013176389307126422,1.0
cos -> linear_attention,1,0.013292325251692142,1.0
learnable_bias -> conv1d_seq,1,0.01163876411219737,1.0
conv1d_seq -> rwkv_channel,1,0.01163876411219737,1.0
rwkv_channel -> linear_proj_down,1,0.01163876411219737,1.0
linear_proj_down -> fourier_mixing,1,0.01163876411219737,1.0
fourier_mixing -> add,1,0.01163876411219737,1.0
layernorm_pre -> no_norm,1,0.014898249879067408,1.0
progressive_compression_gate -> gelu,1,0.014898249879067408,1.0
linear_proj -> selective_scan,1,0.012764990818213355,1.0
relu_gate_routing -> moe_2expert,1,0.012764990818213355,1.0
relu -> topk_gate,1,0.009926662266537989,1.0
topk_gate -> layernorm,1,0.009926662266537989,1.0
token_type_classifier -> silu,1,0.013571650965684126,1.0
silu -> dynamic_norm,1,0.013571650965684126,1.0
no_norm -> linear_proj,1,0.013690477703002817,1.0
linear_proj -> token_type_classifier,1,0.013690477703002817,1.0
token_type_classifier -> linear_proj,1,0.013690477703002817,1.0
gated_linear -> token_pool_restore,1,0.01208256215188461,1.0
token_pool_restore -> sin,1,0.01208256215188461,1.0
token_pool_restore -> gelu,1,0.01208256215188461,1.0
ternary_projection -> no_norm,1,0.011828893902529426,1.0
no_norm -> linear_proj_down,1,0.011828893902529426,1.0
sliding_window_mask -> block_sparse_linear,1,0.013665032473314348,1.0
abs -> relu_gate_routing,1,0.013264345939088536,1.0
no_norm -> abs,1,0.013882428871833767,1.0
abs -> abs,1,0.013882428871833767,1.0
ternary_projection -> topk_gate,1,0.011832180909577134,1.0
dynamic_norm -> neg,1,0.01649345722729324,1.0
dynamic_norm -> topk_gate,1,0.01649345722729324,1.0
fused_linear_gelu -> layernorm,1,0.01649345722729324,1.0
layernorm -> latent_attention_compressor,1,0.01649345722729324,1.0
softmax_last -> cos,1,0.01746302499699364,1.0
block_sparse_linear -> softmax_attention,1,0.016965036404607954,1.0
sin -> linear_attention,1,0.013880786414735126,1.0
ternary_projection -> softmax_attention,1,0.011258930866128438,1.0
square -> exp,1,0.011258930866128438,1.0
abs -> log,1,0.011258930866128438,1.0
log -> linear_proj_up,1,0.011258930866128438,1.0
ternary_projection -> sin,1,0.012290981298818589,1.0
linear_proj -> conv1d_seq,1,0.011057652381962888,1.0
linear_proj_down -> ternary_projection,1,0.011057652381962888,1.0
ternary_projection -> moe_2expert,1,0.011057652381962888,1.0
token_type_classifier -> gelu,1,0.0122637072035939,1.0
gelu -> dynamic_norm,1,0.0122637072035939,1.0
relu -> local_window_attn,1,0.015183714680701437,1.0
local_window_attn -> learnable_bias,1,0.015183714680701437,1.0
sqrt -> sigmoid_norm,1,0.013845178269674113,1.0
rmsnorm -> rmsnorm_pre,1,0.013845178269674113,1.0
rmsnorm_pre -> linear_proj,1,0.013845178269674113,1.0
softmax_last -> sin,1,0.013898487341365676,1.0
linear_proj -> graph_attention,1,0.012733442822210643,1.0
linear_proj -> no_norm,1,0.012733442822210643,1.0
graph_attention -> silu,1,0.012733442822210643,1.0
silu -> abs,1,0.012733442822210643,1.0
ternary_projection -> nm_sparse_linear,1,0.014318888180652682,1.0
concat -> scatter_unsort,1,0.013180128924685031,1.0
nm_sparse_linear -> scatter_unsort,1,0.013180128924685031,1.0
scatter_unsort -> add,1,0.013180128924685031,1.0
sin -> square,1,0.014247366409184031,1.0
block_sparse_linear -> linear_attention,1,0.01304093692001037,1.0
no_norm -> selective_scan,1,0.010914922528246662,1.0
selective_scan -> abs,1,0.010914922528246662,1.0
causal_mask -> add,1,0.013992065365290214,1.0
local_window_attn -> block_sparse_linear,1,0.0141876398791534,1.0
latent_attention_compressor -> gelu,1,0.014163103152612332,1.0
relu -> rwkv_time_mixing,1,0.009094341088406127,1.0
rwkv_time_mixing -> square,1,0.009094341088406127,1.0
tropical_attention -> graph_attention,1,0.015529428236866375,1.0
linear_proj -> block_sparse_linear,1,0.013077859985959844,1.0
add -> conv1d_seq,1,0.010604900056982114,1.0
learnable_bias -> layernorm_pre,1,0.008870864356943139,1.0
layernorm_pre -> log,1,0.008870864356943139,1.0
ternary_projection -> token_pool_restore,1,0.01545096664079274,1.0
token_pool_restore -> linear_proj_up,1,0.01545096664079274,1.0
fused_linear_gelu -> sin,1,0.012117969580590847,1.0
neg -> linear_proj,1,0.012117969580590847,1.0
sqrt -> rmsnorm,1,0.01224170470483091,1.0
rmsnorm -> moe_topk,1,0.01224170470483091,1.0
moe_topk -> block_sparse_linear,1,0.01224170470483091,1.0
linear_proj -> fourier_mixing,1,0.012487335138138211,1.0
fourier_mixing -> sliding_window_mask,1,0.012487335138138211,1.0
cos -> topk_gate,1,0.011048233116638098,1.0
topk_gate -> rwkv_channel,1,0.011048233116638098,1.0
linear_proj -> abs,1,0.01081607776372418,1.0
relu -> silu,1,0.01081607776372418,1.0
relu_gate_routing -> relu,1,0.010984574212214765,1.0
token_pool_restore -> progressive_compression_gate,1,0.012844270405561017,1.0
moe_2expert -> latent_attention_compressor,1,0.012595281219996547,1.0
latent_attention_compressor -> causal_mask,1,0.012595281219996547,1.0
latent_attention_compressor -> token_type_classifier,1,0.015575676047156387,1.0
gated_linear -> cos,1,0.015575676047156387,1.0
cos -> linear_proj_down,1,0.015575676047156387,1.0
linear_proj_down -> neg,1,0.015575676047156387,1.0
block_sparse_linear -> rmsnorm,1,0.014497962220952584,1.0
layernorm -> gelu,1,0.011364551937633565,1.0
latent_attention_compressor -> topk_gate,1,0.013119344501412694,1.0
add -> local_window_attn,1,0.013119344501412694,1.0
local_window_attn -> add,1,0.013119344501412694,1.0
sin -> moe_2expert,1,0.011023188748951506,1.0
rmsnorm -> group_norm,1,0.010550743287506662,1.0
semi_structured_2_4_linear -> ternary_projection,1,0.012120529280585672,1.0
gelu -> linear_proj_up,1,0.013531726096376739,1.0
linear_proj_up -> moe_2expert,1,0.013531726096376739,1.0
moe_2expert -> learnable_bias,1,0.013531726096376739,1.0
moe_2expert -> selective_scan,1,0.013531726096376739,1.0
token_type_classifier -> sin,1,0.013531726096376739,1.0
semi_structured_2_4_linear -> relu_gate_routing,1,0.011444125846365874,1.0
token_type_classifier -> cos,1,0.01745791419818057,1.0
sigmoid_norm -> linear_attention,1,0.011400184461330655,1.0
linear_attention -> linear_attention,1,0.011400184461330655,1.0
linear_attention -> log,1,0.011400184461330655,1.0
log -> sigmoid,1,0.011400184461330655,1.0
sigmoid -> gated_linear,1,0.011400184461330655,1.0
sliding_window_mask -> nm_sparse_linear,1,0.014677108836866622,1.0
nm_sparse_linear -> sin,1,0.014677108836866622,1.0
token_type_classifier -> ternary_projection,1,0.014677108836866622,1.0
conv1d_seq -> learnable_scale,1,0.01318379145694395,1.0
rwkv_channel -> linear_proj,1,0.010540466249283982,1.0
exp -> ternary_projection,1,0.013281841491642805,1.0
ternary_projection -> conv1d_seq,1,0.013281841491642805,1.0
conv1d_seq -> ternary_projection,1,0.013281841491642805,1.0
linear_proj -> nm_sparse_linear,1,0.013738240884869038,1.0
nm_sparse_linear -> token_type_classifier,1,0.013738240884869038,1.0
token_type_classifier -> selective_scan,1,0.014061371526868578,1.0
selective_scan -> transpose_sd,1,0.014061371526868578,1.0
transpose_sd -> topk_gate,1,0.014061371526868578,1.0
conv_only -> moe_2expert,1,0.012672744667159326,1.0
moe_2expert -> moe_2expert,1,0.012672744667159326,1.0
moe_2expert -> conv1d_seq,1,0.012672744667159326,1.0
conv1d_seq -> selective_scan,1,0.012672744667159326,1.0
learnable_scale -> conv1d_seq,1,0.013045758570406287,1.0
gated_linear -> conv_only,1,0.013045758570406287,1.0
local_window_attn -> linear_proj_up,1,0.013351931964261616,1.0
local_window_attn -> token_type_classifier,1,0.013351931964261616,1.0
fused_linear_gelu -> linear_proj_up,1,0.010594685887031035,1.0
linear_proj_up -> fourier_mixing,1,0.010594685887031035,1.0
fourier_mixing -> moe_topk,1,0.010594685887031035,1.0
learnable_bias -> group_norm,1,0.012827004639178874,1.0
group_norm -> sin,1,0.012827004639178874,1.0
fused_linear_gelu -> cos,1,0.01305172832762425,1.0
cos -> moe_topk,1,0.01305172832762425,1.0
abs -> linear_proj,1,0.01305172832762425,1.0
progressive_compression_gate -> latent_attention_compressor,1,0.012940504961326302,1.0
latent_attention_compressor -> neg,1,0.012940504961326302,1.0
neg -> linear_proj_up,1,0.012940504961326302,1.0
linear_proj -> transpose_sd,1,0.009714700350612745,1.0
transpose_sd -> token_pool_restore,1,0.009714700350612745,1.0
token_pool_restore -> add,1,0.009714700350612745,1.0
progressive_compression_gate -> abs,1,0.008070331150690998,1.0
abs -> cos,1,0.008070331150690998,1.0
exp -> relu,1,0.012719329645487639,1.0
sqrt -> learnable_scale,1,0.012719329645487639,1.0
sin -> learnable_bias,1,0.01760355900041433,1.0
nm_sparse_linear -> selective_scan,1,0.01760355900041433,1.0
selective_scan -> layernorm_pre,1,0.01760355900041433,1.0
silu -> nm_sparse_linear,1,0.013257738158636885,1.0
neg -> progressive_compression_gate,1,0.01117639098216371,1.0
moe_2expert -> softmax_attention,1,0.013733882898059683,1.0
softmax_attention -> sliding_window_mask,1,0.013733882898059683,1.0
softmax_attention -> cos,1,0.013733882898059683,1.0
square -> sqrt,1,0.008630660852511539,1.0
sqrt -> block_sparse_linear,1,0.008630660852511539,1.0
moe_2expert -> layernorm_pre,1,0.008630660852511539,1.0
layernorm_pre -> selective_scan,1,0.008630660852511539,1.0
progressive_compression_gate -> rmsnorm_pre,1,0.01069206035743222,1.0
rmsnorm_pre -> nm_sparse_linear,1,0.01069206035743222,1.0
abs -> selective_scan,1,0.01069206035743222,1.0
relu_gate_routing -> tanh,1,0.007015332842250834,1.0
tanh -> conv_only,1,0.007015332842250834,1.0
linear_proj -> sigmoid,1,0.0125105233252449,1.0
linear_proj -> learnable_bias,1,0.0125105233252449,1.0
sigmoid -> moe_2expert,1,0.0125105233252449,1.0
linear_proj_down -> rwkv_time_mixing,1,0.0125105233252449,1.0
rwkv_time_mixing -> rwkv_channel,1,0.0125105233252449,1.0
gated_linear -> gelu,1,0.01753296037031087,1.0
gated_linear -> swiglu_mlp,1,0.01753296037031087,1.0
gelu -> rmsnorm,1,0.01753296037031087,1.0
softmax_attention -> topk_gate,1,0.013278199360481547,1.0
add -> sliding_window_mask,1,0.013278199360481547,1.0
dynamic_norm -> cos,1,0.012189544890689265,1.0
cos -> moe_2expert,1,0.012189544890689265,1.0
progressive_compression_gate -> block_sparse_linear,1,0.01316344356126497,1.0
block_sparse_linear -> group_norm,1,0.01316344356126497,1.0
softmax_attention -> linear_proj_up,1,0.01316344356126497,1.0
semi_structured_2_4_linear -> latent_attention_compressor,1,0.012258814128931402,1.0
moe_2expert -> sin,1,0.01051297695202623,1.0
moe_topk -> rmsnorm_pre,1,0.011665909893451938,1.0
rmsnorm_pre -> layernorm,1,0.011665909893451938,1.0
layernorm -> learnable_bias,1,0.011665909893451938,1.0
learnable_bias -> linear_proj_up,1,0.011665909893451938,1.0
learnable_scale -> sin,1,0.011665909893451938,1.0
selective_scan -> learnable_scale,1,0.014532457462351312,1.0
learnable_scale -> fourier_mixing,1,0.007556078570269912,1.0
fourier_mixing -> abs,1,0.007556078570269912,1.0
abs -> nm_sparse_linear,1,0.007556078570269912,1.0
nm_sparse_linear -> block_sparse_linear,1,0.007556078570269912,1.0
block_sparse_linear -> relu_gate_routing,1,0.007556078570269912,1.0
relu_gate_routing -> square,1,0.007556078570269912,1.0
silu -> block_sparse_linear,1,0.013360920208303578,1.0
sqrt -> moe_2expert,1,0.011939620601023762,1.0
add -> graph_attention,1,0.011939620601023762,1.0
add -> swiglu_mlp,1,0.011939620601023762,1.0
swiglu_mlp -> ternary_projection,1,0.011939620601023762,1.0
neg -> relu_gate_routing,1,0.011605181193264185,1.0
relu_gate_routing -> moe_topk,1,0.011605181193264185,1.0
ternary_projection -> sign_ste,1,0.013177753140293251,1.0
sign_ste -> token_type_classifier,1,0.013177753140293251,1.0
swiglu_mlp -> tropical_matmul,1,0.014165855621400138,0.0
tied_proj -> outer_product,1,0.014044789032657335,1.0
ternary_projection -> tropical_add,1,0.015260899932576278,1.0
tropical_add -> hyperbolic_norm,1,0.015260899932576278,1.0
gelu -> split2,1,0.01110176325486325,1.0
hyp_linear -> linear_proj_up,1,0.013473745173494447,1.0
log_map -> split2,1,0.014782814028253651,1.0
concat -> stdp_attention,1,0.014782814028253651,1.0
stdp_attention -> sigmoid,1,0.014782814028253651,1.0
block_sparse_linear -> geometric_product,1,0.01550879677584017,1.0
sigmoid -> stdp_attention,1,0.014436956842493888,1.0
stdp_attention -> linear_proj_up,1,0.014436956842493888,1.0
linear_proj_up -> linear_proj_up,1,0.012620142827651469,1.0
split2 -> semi_structured_2_4_linear,1,0.015845665252438287,1.0
semi_structured_2_4_linear -> concat,1,0.015845665252438287,1.0
concat -> hyp_linear,1,0.015845665252438287,1.0
hyp_linear -> linear_proj_down,1,0.015845665252438287,1.0
spike_rate_code -> tied_proj,1,0.01183423048065204,1.0
log_map -> linear_proj_down,1,0.012101274891142004,1.0
linear_proj_up -> selective_scan,1,0.014201129880233152,1.0
block_sparse_linear -> grade_mix,1,0.013433012698931409,1.0
grade_mix -> shared_basis_proj,1,0.013433012698931409,1.0
linear_proj_down -> low_rank_proj,1,0.010070702357569855,1.0
linear_proj_down -> outer_product,1,0.010070702357569855,1.0
low_rank_proj -> outer_product,1,0.010070702357569855,1.0
outer_product -> linear_proj,1,0.010070702357569855,1.0
topk_gate -> split2,1,0.017373783163659538,1.0
split2 -> relu_gate_routing,1,0.017373783163659538,1.0
relu_gate_routing -> ternary_projection,1,0.017373783163659538,1.0
spike_rate_code -> clifford_attention,1,0.013754019159093021,1.0
clifford_attention -> block_sparse_linear,1,0.013754019159093021,1.0
low_rank_proj -> moe_2expert,1,0.011447304897401917,1.0
moe_2expert -> learnable_scale,1,0.011447304897401917,1.0
integral_kernel -> relu_gate_routing,1,0.013906729062280115,1.0
abs -> conv1d_seq,1,0.013340591152281235,1.0
conv1d_seq -> progressive_compression_gate,1,0.013340591152281235,1.0
linear_proj_up -> token_merge,1,0.014352502663159114,1.0
token_merge -> ultrametric_attention,1,0.014352502663159114,1.0
integral_kernel -> latent_attention_compressor,1,0.014454505285717956,1.0
padic_gate -> div_safe,1,0.01204249667420409,1.0
div_safe -> linear_proj_up,1,0.01204249667420409,1.0
tropical_gate -> tropical_add,1,0.014217383704168607,1.0
tropical_add -> block_sparse_linear,1,0.014217383704168607,1.0
block_sparse_linear -> semi_structured_2_4_linear,1,0.014217383704168607,1.0
linear_proj_down -> causal_mask,1,0.014390930889284193,1.0
split2 -> stdp_attention,1,0.014390930889284193,1.0
stdp_attention -> concat,1,0.014390930889284193,1.0
maximum -> progressive_compression_gate,1,0.011875651398015129,1.0
lif_neuron -> moe_2expert,1,0.010264023430616349,1.0
stdp_attention -> grade_select,1,0.01384259164267062,1.0
grade_select -> integral_kernel,1,0.01384259164267062,1.0
square -> sub,1,0.01273194055105555,1.0
sub -> block_sparse_linear,1,0.01273194055105555,1.0
integral_kernel -> sub,1,0.013736595089260254,1.0
sub -> tropical_gate,1,0.013736595089260254,1.0
tropical_gate -> ultrametric_attention,1,0.013736595089260254,1.0
tropical_center -> grade_select,1,0.014045319199108005,1.0
grade_select -> sub,1,0.014045319199108005,1.0
bottleneck_proj -> tropical_attention,1,0.01285265209657536,1.0
tropical_attention -> linear_proj,1,0.01285265209657536,1.0
linear_proj_up -> linear_proj_down,1,0.013254199961583604,1.0
linear_proj_down -> maximum,1,0.013254199961583604,1.0
relu_gate_routing -> maximum,1,0.013254199961583604,1.0
maximum -> stdp_attention,1,0.013254199961583604,1.0
stdp_attention -> linear_proj,1,0.013254199961583604,1.0
linear_proj -> topk_gate,1,0.014787149871376819,1.0
concat -> clifford_attention,1,0.015001690295335664,1.0
clifford_attention -> tropical_add,1,0.015001690295335664,1.0
linear_proj_down -> learnable_bias,1,0.016150183564144775,1.0
linear_proj -> tropical_router,1,0.016150183564144775,1.0
lif_neuron -> semi_structured_2_4_linear,1,0.013759155922222724,1.0
block_sparse_linear -> sub,1,0.016998325964376438,1.0
token_merging -> tropical_add,1,0.016998325964376438,1.0
tropical_add -> cosine_similarity,1,0.016998325964376438,1.0
cosine_similarity -> sub,1,0.016998325964376438,1.0
sub -> conv1d_seq,1,0.016998325964376438,1.0
neg -> tropical_add,1,0.014704515078091597,1.0
linear_proj -> clifford_attention,1,0.013706506853176351,1.0
clifford_attention -> integral_kernel,1,0.013706506853176351,1.0
lif_neuron -> latent_attention_compressor,1,0.014037423246668339,1.0
geometric_product -> tanh,1,0.017515446876774584,1.0
tanh -> grade_select,1,0.017515446876774584,1.0
hyp_tangent_nonlinear -> geometric_product,1,0.015210714322557509,1.0
geometric_product -> tropical_attention,1,0.015210714322557509,1.0
latent_attention_compressor -> relu_gate_routing,1,0.015210714322557509,1.0
latent_attention_compressor -> mul,1,0.015210714322557509,1.0
add -> mul,1,0.015210714322557509,1.0
abs -> tied_proj,1,0.015326159591752665,1.0
tied_proj -> tropical_center,1,0.015326159591752665,1.0
tropical_center -> sigmoid,1,0.015326159591752665,1.0
sigmoid -> linear_proj,1,0.015326159591752665,1.0
linear_proj_up -> neg,1,0.011084054493741644,1.0
split2 -> fixed_point_iter,1,0.015729879825396895,1.0
fixed_point_iter -> grade_mix,1,0.015729879825396895,1.0
padic_gate -> rwkv_channel,1,0.00881851107091064,1.0
rwkv_channel -> conv1d_seq,1,0.00881851107091064,1.0
conv1d_seq -> moe_2expert,1,0.00881851107091064,1.0
progressive_compression_gate -> low_rank_proj,1,0.011866123007921964,1.0
fixed_point_iter -> bottleneck_proj,1,0.015542042233104646,1.0
tropical_attention -> moe_2expert,1,0.01219258322660831,1.0
clifford_attention -> matmul,1,0.013551047108997941,1.0
token_merging -> block_sparse_linear,1,0.01356143614979951,1.0
linear_proj -> causal_mask,1,0.01356143614979951,1.0
hyp_tangent_nonlinear -> shared_basis_proj,1,0.016983246910036023,1.0
grade_mix -> semi_structured_2_4_linear,1,0.01261763986655605,1.0
bottleneck_proj -> fused_linear_gelu,1,0.01642902590394928,1.0
fused_linear_gelu -> matmul,1,0.01642902590394928,1.0
moe_2expert -> matmul,1,0.01642902590394928,1.0
tropical_matmul -> add,1,0.01642902590394928,1.0
moe_2expert -> grade_mix,1,0.011676313140649488,1.0
stdp_attention -> token_merging,1,0.013325488939795934,1.0
token_merging -> rwkv_channel,1,0.013325488939795934,1.0
learnable_scale -> moe_2expert,1,0.011686329171539445,1.0
padic_gate -> shared_basis_proj,1,0.013967075262341925,1.0
stdp_attention -> linear_proj_down,1,0.013451644477020788,1.0
tropical_attention -> maximum,1,0.011888184546928228,1.0
maximum -> ternary_projection,1,0.011888184546928228,1.0
tropical_gate -> moe_2expert,1,0.01404007131696637,1.0
relu -> shared_basis_proj,1,0.011385339617818574,1.0
linear_proj -> ultrametric_attention,1,0.012715182145939965,1.0
shared_basis_proj -> stdp_attention,1,0.013750283561117948,1.0
split2 -> linear_proj_down,1,0.011686834958520267,1.0
fused_linear_gelu -> linear_proj_down,1,0.012107805611234207,1.0
cascade -> low_rank_proj,1,0.016303992611481914,1.0
split2 -> geometric_product,1,0.016303992611481914,1.0
geometric_product -> concat,1,0.016303992611481914,1.0
padic_gate -> linear_proj_down,1,0.016364832928696383,1.0
learnable_scale -> padic_residual,1,0.014808159607004516,1.0
local_window_attn -> tropical_add,1,0.013330809844121817,1.0
conv1d_seq -> tropical_add,1,0.013330809844121817,1.0
tropical_add -> bottleneck_proj,1,0.013330809844121817,1.0
hyp_linear -> split2,1,0.014243392951425798,1.0
spike_rate_code -> relu,1,0.014243392951425798,1.0
progressive_compression_gate -> geometric_product,1,0.015448593245776136,1.0
geometric_product -> tied_proj,1,0.015448593245776136,1.0
tied_proj -> grade_select,1,0.015448593245776136,1.0
grade_select -> tropical_gate,1,0.015448593245776136,1.0
tied_proj -> linear_proj_down,1,0.014125709557662139,1.0
linear_proj_up -> tied_proj,1,0.014125709557662139,1.0
tropical_add -> sub,1,0.016428810197940673,1.0
tropical_add -> poincare_add,1,0.013031573533535451,1.0
tied_proj -> split2,1,0.013031573533535451,1.0
poincare_add -> gelu,1,0.016294461377772983,1.0
nm_sparse_linear -> tropical_matmul,1,0.01302775052983116,1.0
tied_proj -> selective_scan,1,0.01302775052983116,1.0
latent_attention_compressor -> ultrametric_attention,1,0.01302775052983116,1.0
grade_select -> outer_product,1,0.013646266137754813,1.0
outer_product -> lif_neuron,1,0.013646266137754813,1.0
lif_neuron -> low_rank_proj,1,0.013646266137754813,1.0
low_rank_proj -> neg,1,0.014920821419293639,1.0
maximum -> tropical_router,1,0.01339227374511497,1.0
tropical_router -> geometric_product,1,0.01339227374511497,1.0
ultrametric_attention -> padic_residual,1,0.014302724613180322,1.0
layernorm -> padic_gate,1,0.016076034590465207,1.0
nm_sparse_linear -> moe_2expert,1,0.01339646116558731,1.0
moe_2expert -> tied_proj,1,0.01339646116558731,1.0
rwkv_channel -> rotor_transform,1,0.016054990054796246,1.0
gelu -> tropical_add,1,0.013906855520523731,1.0
tropical_add -> token_merging,1,0.013906855520523731,1.0
token_merging -> lif_neuron,1,0.013906855520523731,1.0
padic_expand -> geometric_product,1,0.014846241809441873,1.0
hyp_linear -> exp_map,1,0.01718160424004635,1.0
exp_map -> concat,1,0.01718160424004635,1.0
tropical_matmul -> tropical_router,1,0.013131045969580181,1.0
rmsnorm -> tropical_matmul,1,0.013941760663914523,1.0
tropical_matmul -> latent_attention_compressor,1,0.013941760663914523,1.0
token_merge -> block_sparse_linear,1,0.013253590828050383,1.0
add -> rotor_transform,1,0.012788708001045848,1.0
rotor_transform -> block_sparse_linear,1,0.012788708001045848,1.0
tropical_add -> ternary_projection,1,0.01011558066594797,1.0
shared_basis_proj -> linear_proj,1,0.014583843266774614,1.0
linear_proj -> learnable_scale,1,0.014583843266774614,1.0
learnable_scale -> grade_select,1,0.014583843266774614,1.0
tied_proj -> relu,1,0.015640932270791955,1.0
relu -> grade_mix,1,0.015640932270791955,1.0
moe_2expert -> padic_residual,1,0.013117015476899498,1.0
tropical_moe -> neg,1,0.013581428100813272,1.0
linear_proj_up -> tropical_gate,1,0.01320218378167436,1.0
topk_gate -> ternary_projection,1,0.01351108837376763,1.0
ternary_projection -> latent_attention_compressor,1,0.01351108837376763,1.0
latent_attention_compressor -> bottleneck_proj,1,0.01351108837376763,1.0
padic_residual -> poincare_add,1,0.01599742173815182,1.0
split2 -> selective_scan,1,0.013947972624819562,1.0
selective_scan -> concat,1,0.013947972624819562,1.0
clifford_attention -> grade_mix,1,0.01316287570849776,1.0
concat -> token_merging,1,0.01316287570849776,1.0
abs -> split2,1,0.015265265935126936,1.0
tropical_router -> concat,1,0.015265265935126936,1.0
hyp_linear -> selective_scan,1,0.009845921400379602,1.0
tropical_gate -> speculative,1,0.009845921400379602,1.0
bottleneck_proj -> tropical_moe,1,0.013401568476221556,1.0
tropical_matmul -> abs,1,0.013401568476221556,1.0
abs -> shared_basis_proj,1,0.013401568476221556,1.0
tropical_matmul -> grade_mix,1,0.014213001732400223,1.0
log_map -> tropical_matmul,1,0.015581013043677722,1.0
shared_basis_proj -> sub,1,0.015581013043677722,1.0
outer_product -> tropical_router,1,0.01337198357629211,1.0
tropical_router -> integral_kernel,1,0.01337198357629211,1.0
progressive_compression_gate -> fixed_point_iter,1,0.010683188148071324,1.0
fixed_point_iter -> gelu,1,0.010683188148071324,1.0
tropical_moe -> ultrametric_attention,1,0.013985093412596235,1.0
grade_mix -> ternary_projection,1,0.014974546515510218,1.0
grade_mix -> sigmoid,1,0.013227909933923804,1.0
tied_proj -> matmul,1,0.013454801054787713,1.0
matmul -> tropical_attention,1,0.013454801054787713,1.0
shared_basis_proj -> low_rank_proj,1,0.013454801054787713,1.0
rwkv_channel -> sliding_window_mask,1,0.010190633966274504,1.0
rwkv_channel -> minimum,1,0.010190633966274504,1.0
sliding_window_mask -> minimum,1,0.010190633966274504,1.0
latent_attention_compressor -> tropical_add,1,0.010190633966274504,1.0
geometric_product -> outer_product,1,0.013330061826104406,1.0
concat -> latent_attention_compressor,1,0.017098441056994203,1.0
tropical_matmul -> bottleneck_proj,1,0.0143121462336303,1.0
clifford_attention -> split2,1,0.01343259090373801,1.0
grade_select -> ternary_projection,1,0.01627602676134943,1.0
input -> mod_topk,1,0.01370361585321303,1.0
layernorm -> tropical_matmul,1,0.01185629343633493,1.0
shared_basis_proj -> rwkv_channel,1,0.01185629343633493,1.0
padic_residual -> sliding_window_mask,1,0.013660850708774866,1.0
selective_scan -> hyp_tangent_nonlinear,1,0.014595603710782432,1.0
hyp_tangent_nonlinear -> linear_proj_down,1,0.014595603710782432,1.0
tropical_gate -> tied_proj,1,0.015832978834406302,1.0
tropical_matmul -> linear_proj_up,1,0.011510344601071297,1.0
lif_neuron -> tropical_moe,1,0.01299490781572799,1.0
tropical_moe -> adaptive_recursion,1,0.01299490781572799,1.0
adaptive_recursion -> add,1,0.01299490781572799,1.0
tropical_attention -> cosine_similarity,1,0.013316428566990252,1.0
cosine_similarity -> linear_proj_down,1,0.013316428566990252,1.0
cosine_similarity -> add,1,0.013316428566990252,1.0
add -> spike_rate_code,1,0.013316428566990252,1.0
grade_mix -> mul,1,0.014064991992724865,1.0
mul -> integral_kernel,1,0.014064991992724865,1.0
tropical_router -> nm_sparse_linear,1,0.016672229019264195,1.0
nm_sparse_linear -> low_rank_proj,1,0.016672229019264195,1.0
moe_2expert -> tropical_gate,1,0.010382996628218432,1.0
padic_residual -> geometric_product,1,0.011650547867599868,1.0
geometric_product -> rope_rotate,1,0.011650547867599868,1.0
rope_rotate -> latent_attention_compressor,1,0.011650547867599868,1.0
low_rank_proj -> gelu,1,0.014308849643383921,1.0
token_merging -> tropical_gate,1,0.015315012902928504,1.0
tropical_gate -> grade_select,1,0.015315012902928504,1.0
padic_gate -> linear_proj_up,1,0.011569831773687147,1.0
speculative -> rwkv_channel,1,0.01404938042930871,1.0
linear_proj_down -> speculative,1,0.01241755041856607,1.0
speculative -> linear_proj,1,0.01241755041856607,1.0
input -> basis_expansion,1,0.01526029766552954,1.0
basis_expansion -> tropical_matmul,1,0.01526029766552954,1.0
cos -> tropical_matmul,1,0.013919523502286228,1.0
fused_linear_gelu -> split2,1,0.01699679953705964,1.0
clifford_attention -> tied_proj,1,0.015666820880641134,1.0
tied_proj -> tropical_moe,1,0.015666820880641134,1.0
tropical_add -> rotor_transform,1,0.014086990161435642,1.0
split2 -> block_sparse_linear,1,0.013841071403829718,1.0
bottleneck_proj -> sub,1,0.013275970607906834,1.0
sub -> geometric_product,1,0.013275970607906834,1.0
moe_2expert -> silu,1,0.012555354893765917,1.0
silu -> padic_gate,1,0.012555354893765917,1.0
poincare_add -> grouped_linear,1,0.014638767283021614,1.0
grouped_linear -> tied_proj,1,0.014638767283021614,1.0
lif_neuron -> neg,1,0.016367093326288017,1.0
geometric_product -> geometric_product,1,0.016367093326288017,1.0
tropical_moe -> cos,1,0.016367093326288017,1.0
rwkv_channel -> poincare_add,1,0.011247191323392558,1.0
tropical_attention -> nm_sparse_linear,1,0.014286554997836393,1.0
tropical_moe -> conv1d_seq,1,0.011100472483023288,1.0
poincare_add -> shared_basis_proj,1,0.014871714236197651,1.0
linear_proj_down -> grade_mix,1,0.015564099489564465,1.0
grade_mix -> linear_proj,1,0.015564099489564465,1.0
grade_mix -> tropical_attention,1,0.010970690516630596,1.0
tropical_attention -> geometric_product,1,0.010970690516630596,1.0
poincare_add -> spike_rate_code,1,0.01371580080617235,1.0
spike_rate_code -> silu,1,0.01371580080617235,1.0
spike_rate_code -> tropical_add,1,0.013138148417987527,1.0
tropical_add -> linear_proj_down,1,0.013138148417987527,1.0
token_merging -> mul,1,0.01421075357904276,1.0
linear_proj_up -> progressive_compression_gate,1,0.01421075357904276,1.0
low_rank_proj -> grade_mix,1,0.014190786826327203,1.0
grade_mix -> padic_residual,1,0.014190786826327203,1.0
padic_gate -> grade_mix,1,0.011698287521882015,1.0
tropical_moe -> grade_mix,1,0.011698287521882015,1.0
tropical_gate -> block_sparse_linear,1,0.012785099263796831,1.0
layernorm -> padic_residual,1,0.01619947021321934,1.0
shared_basis_proj -> tropical_matmul,1,0.013689422259565117,1.0
tropical_router -> rwkv_channel,1,0.011251147925778368,1.0
tropical_matmul -> tropical_moe,1,0.013772833994286821,1.0
tropical_matmul -> learnable_bias,1,0.013694865022272856,1.0
tropical_center -> tropical_moe,1,0.017389235840382652,1.0
add -> grade_select,1,0.013881810539850336,1.0
grade_select -> bottleneck_proj,1,0.013881810539850336,1.0
fused_linear_gelu -> rwkv_channel,1,0.012635560776006796,1.0
rwkv_channel -> concat,1,0.012635560776006796,1.0
moe_2expert -> poincare_add,1,0.011373145672604501,1.0
padic_residual -> ultrametric_attention,1,0.013504337397282542,1.0
sigmoid -> neg,1,0.01282521593052667,1.0
neg -> linear_proj_down,1,0.01282521593052667,1.0
rotor_transform -> geometric_product,1,0.013752455968678544,1.0
padic_residual -> conv1d_seq,1,0.013393348328185888,1.0
grouped_linear -> progressive_compression_gate,1,0.013393348328185888,1.0
outer_product -> tropical_moe,1,0.01149504222817583,1.0
tropical_moe -> early_exit,1,0.01149504222817583,1.0
early_exit -> ternary_projection,1,0.01149504222817583,1.0
grade_mix -> tropical_matmul,1,0.012923003813091687,1.0
linear_proj_up -> grouped_linear,1,0.012923003813091687,1.0
causal_mask -> tropical_matmul,1,0.015812198406589272,1.0
tropical_matmul -> block_sparse_linear,1,0.015812198406589272,1.0
poincare_add -> tropical_center,1,0.014946672440136966,1.0
tropical_center -> tropical_add,1,0.014946672440136966,1.0
grouped_linear -> tropical_attention,1,0.014946672440136966,1.0
grade_mix -> abs,1,0.012985982665370703,1.0
abs -> tropical_moe,1,0.012985982665370703,1.0
low_rank_proj -> cascade,1,0.014146417597028704,1.0
cascade -> linear_proj_down,1,0.014146417597028704,1.0
mod_topk -> low_rank_proj,1,0.015540863371165852,1.0
lif_neuron -> tropical_add,1,0.014340500153483114,1.0
shared_basis_proj -> conv1d_seq,1,0.014340500153483114,1.0
sign_ste -> tropical_matmul,1,0.013594787381564534,1.0
bottleneck_proj -> split2,1,0.014928562916704516,1.0
speculative -> abs,1,0.012164194395640803,1.0
abs -> rope_rotate,1,0.012164194395640803,1.0
log_map -> block_sparse_linear,1,0.01269718265276318,1.0
ternary_projection -> rwkv_channel,1,0.01269718265276318,1.0
rwkv_channel -> tropical_router,1,0.01269718265276318,1.0
semi_structured_2_4_linear -> abs,1,0.01120673951762259,1.0
tropical_moe -> sliding_window_mask,1,0.01150999323245982,1.0
token_merging -> linear_proj,1,0.015014396226370177,1.0
topk_gate -> mul,1,0.012562965836947592,1.0
linear_proj_down -> block_sparse_linear,1,0.012562965836947592,1.0
moe_2expert -> maximum,1,0.01114035654869683,1.0
maximum -> moe_2expert,1,0.01114035654869683,1.0
abs -> tropical_add,1,0.011049907398593158,1.0
tied_proj -> tropical_attention,1,0.012901419776339384,1.0
split2 -> latent_attention_compressor,1,0.013491186341759885,1.0
latent_attention_compressor -> concat,1,0.013491186341759885,1.0
spike_rate_code -> ultrametric_attention,1,0.010820498767458196,1.0
spike_rate_code -> minimum,1,0.010820498767458196,1.0
ultrametric_attention -> minimum,1,0.010820498767458196,1.0
minimum -> swiglu_mlp,1,0.010820498767458196,1.0
adaptive_recursion -> geometric_product,1,0.009947550306750787,1.0
geometric_product -> rwkv_time_mixing,1,0.009947550306750787,1.0
geometric_product -> cosine_similarity,1,0.009947550306750787,1.0
rwkv_time_mixing -> layernorm,1,0.009947550306750787,1.0
rwkv_time_mixing -> cosine_similarity,1,0.009947550306750787,1.0
layernorm -> maximum,1,0.009947550306750787,1.0
cosine_similarity -> maximum,1,0.009947550306750787,1.0
maximum -> poincare_add,1,0.009947550306750787,1.0
grade_mix -> integral_kernel,1,0.015646906704948386,1.0
log -> linear_proj_down,1,0.013466296686417316,1.0
linear_proj_up -> grade_mix,1,0.013466296686417316,1.0
lif_neuron -> softmax_last,1,0.01748567390273888,1.0
softmax_last -> nm_sparse_linear,1,0.01748567390273888,1.0
softmax_last -> tropical_moe,1,0.01748567390273888,1.0
nm_sparse_linear -> geometric_product,1,0.01748567390273888,1.0
tropical_moe -> geometric_product,1,0.01748567390273888,1.0
geometric_product -> rotor_transform,1,0.01748567390273888,1.0
linear_proj_down -> poincare_add,1,0.010562918590621624,1.0
linear_proj_down -> tropical_attention,1,0.015209546464152008,1.0
tropical_add -> tropical_moe,1,0.012220953513075271,1.0
concat -> maximum,1,0.012220953513075271,1.0
linear_proj_up -> maximum,1,0.012220953513075271,1.0
concat -> mod_topk,1,0.012608645190714382,1.0
mod_topk -> tropical_moe,1,0.012608645190714382,1.0
padic_residual -> ternary_projection,1,0.011720550241516834,1.0
integral_kernel -> spike_rate_code,1,0.015355447744807784,1.0
spike_rate_code -> sub,1,0.015355447744807784,1.0
sub -> add,1,0.015355447744807784,1.0
tropical_matmul -> tropical_add,1,0.01668293304935294,1.0
layernorm -> tropical_add,1,0.01668293304935294,1.0
tropical_router -> semi_structured_2_4_linear,1,0.014011840268379172,1.0
semi_structured_2_4_linear -> bottleneck_proj,1,0.014011840268379172,1.0
bottleneck_proj -> linear_proj_down,1,0.012631151689489268,1.0
geometric_product -> maximum,1,0.012872041172174768,1.0
spike_rate_code -> low_rank_proj,1,0.012872041172174768,1.0
tropical_add -> split2,1,0.014502621265212134,1.0
concat -> lif_neuron,1,0.014502621265212134,1.0
lif_neuron -> bottleneck_proj,1,0.014502621265212134,1.0
tropical_gate -> poincare_add,1,0.012209452238747573,1.0
concat -> rwkv_time_mixing,1,0.012209452238747573,1.0
rwkv_time_mixing -> geometric_product,1,0.012209452238747573,1.0
token_merging -> nm_sparse_linear,1,0.016378997572722584,1.0
nm_sparse_linear -> cascade,1,0.016378997572722584,1.0
conv1d_seq -> tropical_moe,1,0.011475203849030292,1.0
selective_scan -> block_sparse_linear,1,0.01131117166535549,1.0
rope_rotate -> bottleneck_proj,1,0.014511516757649744,1.0
bottleneck_proj -> tropical_router,1,0.014511516757649744,1.0
linear_proj -> tropical_add,1,0.009829911727452146,1.0
tropical_add -> selective_scan,1,0.009829911727452146,1.0
spike_rate_code -> latent_attention_compressor,1,0.01569600758432801,1.0
tropical_router -> matmul,1,0.013602965971936144,1.0
gelu -> tropical_attention,1,0.013602965971936144,1.0
tropical_attention -> latent_attention_compressor,1,0.013602965971936144,1.0
bottleneck_proj -> cascade,1,0.0134993148668237,1.0
cascade -> tropical_attention,1,0.0134993148668237,1.0
adaptive_recursion -> div_safe,1,0.01359875309896652,1.0
div_safe -> log_map,1,0.01359875309896652,1.0
log_map -> clifford_attention,1,0.01359875309896652,1.0
clifford_attention -> rwkv_channel,1,0.01359875309896652,1.0
concat -> minimum,1,0.013009036029078665,1.0
poincare_add -> minimum,1,0.013009036029078665,1.0
minimum -> linear_proj_down,1,0.013009036029078665,1.0
learnable_scale -> grouped_linear,1,0.013009036029078665,1.0
padic_residual -> maximum,1,0.015187611530939437,1.0
hyperbolic_norm -> shared_basis_proj,1,0.015363269672327144,1.0
hyperbolic_norm -> tropical_add,1,0.015363269672327144,1.0
tropical_add -> minimum,1,0.015363269672327144,1.0
minimum -> bottleneck_proj,1,0.015363269672327144,1.0
relu -> learnable_bias,1,0.01251793208366252,1.0
log_map -> geometric_product,1,0.012322322874371844,1.0
geometric_product -> tropical_moe,1,0.012322322874371844,1.0
gelu -> tied_proj,1,0.012322322874371844,1.0
lif_neuron -> integral_kernel,1,0.013484389049128753,1.0
integral_kernel -> split2,1,0.013484389049128753,1.0
shared_basis_proj -> linear_proj_up,1,0.013484389049128753,1.0
linear_proj_up -> concat,1,0.013484389049128753,1.0
linear_proj_up -> nm_sparse_linear,1,0.012375881219402828,1.0
shared_basis_proj -> abs,1,0.012984186860417178,1.0
fused_linear_gelu -> tropical_moe,1,0.016676690794444855,1.0
fixed_point_iter -> maximum,1,0.013446822700793785,1.0
shared_basis_proj -> maximum,1,0.013446822700793785,1.0
shared_basis_proj -> moe_2expert,1,0.01254022671714829,1.0
sin -> exp_map,1,0.012960621957709662,1.0
sin -> tropical_matmul,1,0.012960621957709662,1.0
exp_map -> sub,1,0.012960621957709662,1.0
sub -> tropical_attention,1,0.012960621957709662,1.0
learnable_scale -> tropical_add,1,0.013410154889578049,1.0
rwkv_channel -> outer_product,1,0.013754752642034105,1.0
outer_product -> split2,1,0.013754752642034105,1.0
split2 -> hyp_tangent_nonlinear,1,0.013754752642034105,1.0
hyp_tangent_nonlinear -> concat,1,0.013754752642034105,1.0
tropical_add -> hyp_tangent_nonlinear,1,0.013754752642034105,1.0
padic_residual -> shared_basis_proj,1,0.013754752642034105,1.0
rope_rotate -> linear_proj_up,1,0.011687758755894577,1.0
linear_proj_down -> tropical_router,1,0.011687758755894577,1.0
tropical_moe -> linear_proj_up,1,0.010643940684953522,1.0
silu -> linear_proj_down,1,0.010643940684953522,1.0
hyperbolic_norm -> spike_rate_code,1,0.013841658748434696,1.0
spike_rate_code -> rotor_transform,1,0.013841658748434696,1.0
rotor_transform -> linear_proj_down,1,0.013841658748434696,1.0
ultrametric_attention -> tropical_gate,1,0.011312060437788653,1.0
low_rank_proj -> tropical_matmul,1,0.014559455385258598,1.0
tropical_gate -> maximum,1,0.014559455385258598,1.0
bottleneck_proj -> maximum,1,0.012534794950942564,1.0
topk_gate -> poincare_add,1,0.014267627267462087,1.0
tropical_gate -> minimum,1,0.01321198498795616,1.0
minimum -> tied_proj,1,0.01321198498795616,1.0
minimum -> tropical_matmul,1,0.01321198498795616,1.0
tied_proj -> tropical_matmul,1,0.01321198498795616,1.0
tropical_matmul -> integral_kernel,1,0.01321198498795616,1.0
tropical_attention -> causal_mask,1,0.013624845779829628,1.0
grade_select -> tropical_attention,1,0.01624718471582439,1.0
tropical_attention -> adaptive_recursion,1,0.01624718471582439,1.0
adaptive_recursion -> semi_structured_2_4_linear,1,0.01624718471582439,1.0
lif_neuron -> sub,1,0.015957040754103688,1.0
sub -> linear_proj,1,0.015957040754103688,1.0
outer_product -> nm_sparse_linear,1,0.014491778436927344,1.0
nm_sparse_linear -> latent_attention_compressor,1,0.012323786830669274,1.0
sign_ste -> learnable_bias,1,0.013981925107083024,1.0
layernorm -> relu,1,0.013981925107083024,1.0
relu -> neg,1,0.013981925107083024,1.0
tropical_attention -> low_rank_proj,1,0.012779755261534019,1.0
geometric_product -> softmax_last,1,0.012779755261534019,1.0
softmax_last -> poincare_add,1,0.012779755261534019,1.0
tropical_moe -> linear_proj_down,1,0.014116480135811202,1.0
padic_gate -> tropical_matmul,1,0.012624637726927174,1.0
tropical_matmul -> spike_rate_code,1,0.012624637726927174,1.0
tropical_matmul -> outer_product,1,0.012624637726927174,1.0
spike_rate_code -> outer_product,1,0.012624637726927174,1.0
outer_product -> rmsnorm,1,0.012624637726927174,1.0
rmsnorm -> linear_proj_down,1,0.012624637726927174,1.0
ternary_projection -> semi_structured_2_4_linear,1,0.01663971130591731,1.0
semi_structured_2_4_linear -> grade_select,1,0.01663971130591731,1.0
linear_proj_up -> hyp_tangent_nonlinear,1,0.014421670451804305,1.0
shared_basis_proj -> tropical_gate,1,0.014421670451804305,1.0
hyp_tangent_nonlinear -> tropical_add,1,0.014421670451804305,1.0
tropical_gate -> grade_mix,1,0.014421670451804305,1.0
clifford_attention -> maximum,1,0.013772970205043445,1.0
grouped_linear -> hyperbolic_norm,1,0.013772970205043445,1.0
padic_residual -> tied_proj,1,0.013772970205043445,1.0
tropical_moe -> bottleneck_proj,1,0.011929362732971217,1.0
concat -> topk_gate,1,0.013741298374815162,1.0
gated_linear -> linear_proj_down,1,0.01419780644309883,1.0
gelu -> padic_gate,1,0.01326641337427789,1.0
shared_basis_proj -> poincare_add,1,0.01326641337427789,1.0
log_map -> minimum,1,0.014024092481652992,1.0
concat -> tropical_router,1,0.014024092481652992,1.0
tropical_router -> shared_basis_proj,1,0.014024092481652992,1.0
clifford_attention -> add,1,0.013459188563708467,1.0
add -> concat,1,0.013459188563708467,1.0
selective_scan -> padic_residual,1,0.013928380385743407,1.0
log_map -> grade_select,1,0.01715687034322274,1.0
grade_select -> padic_gate,1,0.01715687034322274,1.0
tropical_gate -> neg,1,0.014516340461502119,1.0
neg -> tropical_router,1,0.014516340461502119,1.0
tropical_gate -> padic_residual,1,0.013696948066953448,1.0
grade_mix -> geometric_product,1,0.01045789724290102,1.0
learnable_scale -> geometric_product,1,0.014591239840169521,1.0
progressive_compression_gate -> grade_select,1,0.01754310063297489,1.0
grade_select -> shared_basis_proj,1,0.01754310063297489,1.0
learnable_scale -> minimum,1,0.014077964069594448,1.0
minimum -> low_rank_proj,1,0.014077964069594448,1.0
padic_residual -> moe_2expert,1,0.011037862969428543,1.0
input -> cascade,1,0.013948383354204227,1.0
cascade -> block_sparse_linear,1,0.013948383354204227,1.0
block_sparse_linear -> rope_rotate,1,0.013948383354204227,1.0
rope_rotate -> add,1,0.013948383354204227,1.0
learnable_scale -> cascade,1,0.014529748338488847,1.0
cascade -> bottleneck_proj,1,0.014529748338488847,1.0
rmsnorm -> grouped_linear,1,0.016617344662305085,1.0
grouped_linear -> mod_topk,1,0.016617344662305085,1.0
linear_proj -> tropical_attention,1,0.013369844966105528,1.0
padic_gate -> block_sparse_linear,1,0.012196589796467849,1.0
linear_proj_up -> ultrametric_attention,1,0.013820712262102864,1.0
swiglu_mlp -> bottleneck_proj,1,0.013300942592024467,1.0
ultrametric_attention -> bottleneck_proj,1,0.014023381563091202,1.0
tropical_add -> clifford_attention,1,0.01392524276940594,1.0
clifford_attention -> linear_proj_down,1,0.01392524276940594,1.0
tropical_moe -> tropical_matmul,1,0.013125826068625489,1.0
fused_linear_gelu -> bottleneck_proj,1,0.012937692068251646,1.0
layernorm -> block_sparse_linear,1,0.012814468287834353,1.0
linear_proj -> tropical_matmul,1,0.013436527787962045,1.0
basis_expansion -> shared_basis_proj,1,0.016867372315578444,1.0
block_sparse_linear -> tropical_matmul,1,0.01311369377273713,1.0
tropical_matmul -> rmsnorm,1,0.01311369377273713,1.0
rmsnorm -> sliding_window_mask,1,0.01311369377273713,1.0
sliding_window_mask -> sin,1,0.01311369377273713,1.0
abs -> tropical_gate,1,0.014931952336521951,1.0
moe_2expert -> rope_rotate,1,0.016053333019440435,1.0
nm_sparse_linear -> fixed_point_iter,1,0.01086018995415156,1.0
fixed_point_iter -> split2,1,0.01086018995415156,1.0
linear_proj_down -> cascade,1,0.015683414546671787,1.0
cascade -> linear_proj,1,0.015683414546671787,1.0
tanh -> block_sparse_linear,1,0.015400764019018989,1.0
geometric_product -> block_sparse_linear,1,0.010757563814162471,1.0
hyp_linear -> rwkv_channel,1,0.011929195412830171,1.0
padic_gate -> latent_attention_compressor,1,0.014838027565917403,1.0
low_rank_proj -> mod_topk,1,0.014374658715569652,1.0
softmax_last -> spike_rate_code,1,0.01647569009772823,1.0
rmsnorm -> minimum,1,0.014474226671243078,1.0
minimum -> poincare_add,1,0.014474226671243078,1.0
linear_proj_down -> grouped_linear,1,0.014079054026810355,1.0
grouped_linear -> linear_proj,1,0.014079054026810355,1.0
softmax_last -> linear_proj_down,1,0.01471624616163306,1.0
grade_mix -> moe_2expert,1,0.010590071252920982,0.0
linear_proj_down -> rmsnorm,1,0.013498880895879382,1.0
rmsnorm -> tied_proj,1,0.013498880895879382,1.0
tied_proj -> linear_proj,1,0.013498880895879382,1.0
sin -> low_rank_proj,1,0.01630526258218001,1.0
low_rank_proj -> grouped_linear,1,0.01630526258218001,1.0
tropical_moe -> rope_rotate,1,0.013404320438686149,1.0
rope_rotate -> tropical_gate,1,0.013404320438686149,1.0
speculative -> shared_basis_proj,1,0.016883675662464685,1.0
poincare_add -> speculative,1,0.014224320515840267,1.0
bottleneck_proj -> outer_product,1,0.01300070009313402,1.0
outer_product -> linear_proj_down,1,0.01300070009313402,1.0
shared_basis_proj -> tropical_center,1,0.014159084217586796,0.0
rmsnorm -> nm_sparse_linear,1,0.013090459376525771,0.0
rmsnorm -> ternary_projection,1,0.014154210248563077,1.0
block_sparse_linear -> tanh,1,0.012190526410307162,1.0
layernorm -> ternary_projection,1,0.014564860675860328,1.0
ternary_projection -> relu,1,0.014564860675860328,1.0
layernorm -> moe_2expert,1,0.01470707392696442,1.0
rmsnorm -> selective_scan,1,0.01470707392696442,1.0
